Date,FACBX,FAVCX,FGBBX,FGTNX,FPEMX
2000-01-03,,,4.638082,,
2000-01-04,,,4.638082,,
2000-01-05,,,4.638082,,
2000-01-06,,,4.638082,,
2000-01-07,,,4.638082,,
2000-01-10,,,4.638082,,
2000-01-11,,,4.638082,,
2000-01-12,,,4.638082,,
2000-01-13,,,4.638082,,
2000-01-14,,,4.638082,,
2000-01-18,,,4.638082,,
2000-01-19,,,4.638082,,
2000-01-20,,,4.638082,,
2000-01-21,,,4.638082,,
2000-01-24,,,4.638082,,
2000-01-25,,,4.638082,,
2000-01-26,,,4.638082,,
2000-01-27,,,4.638082,,
2000-01-28,,,4.638082,,
2000-01-31,,,4.60442,,
2000-02-01,,,4.60442,,
2000-02-02,,,4.60442,,
2000-02-03,,,4.60442,,
2000-02-04,,,4.60442,,
2000-02-07,,,4.60442,,
2000-02-08,,,4.60442,,
2000-02-09,,,4.60442,,
2000-02-10,,,4.60442,,
2000-02-11,,,4.60442,,
2000-02-14,,,4.60442,,
2000-02-15,,,4.60442,,
2000-02-16,,,4.60442,,
2000-02-17,,,4.60442,,
2000-02-18,,,4.60442,,
2000-02-22,,,4.60442,,
2000-02-23,,,4.60442,,
2000-02-24,,,4.60442,,
2000-02-25,,,4.60442,,
2000-02-28,,,4.60442,,
2000-02-29,,,4.63135,,
2000-03-01,,,4.63135,,
2000-03-02,,,4.63135,,
2000-03-03,,,4.63135,,
2000-03-06,,,4.63135,,
2000-03-07,,,4.63135,,
2000-03-08,,,4.63135,,
2000-03-09,,,4.63135,,
2000-03-10,,,4.63135,,
2000-03-13,,,4.63135,,
2000-03-14,,,4.63135,,
2000-03-15,,,4.63135,,
2000-03-16,,,4.63135,,
2000-03-17,,,4.63135,,
2000-03-20,,,4.63135,,
2000-03-21,,,4.63135,,
2000-03-22,,,4.63135,,
2000-03-23,,,4.63135,,
2000-03-24,,,4.63135,,
2000-03-27,,,4.63135,,
2000-03-28,,,4.63135,,
2000-03-29,,,4.63135,,
2000-03-30,,,4.63135,,
2000-03-31,,,4.665007,,
2000-04-03,,,4.665007,,
2000-04-04,,,4.665007,,
2000-04-05,,,4.665007,,
2000-04-06,,,4.665007,,
2000-04-07,,,4.665007,,
2000-04-10,,,4.665007,,
2000-04-11,,,4.665007,,
2000-04-12,,,4.665007,,
2000-04-13,,,4.665007,,
2000-04-14,,,4.665007,,
2000-04-17,,,4.665007,,
2000-04-18,,,4.665007,,
2000-04-19,,,4.665007,,
2000-04-20,,,4.665007,,
2000-04-24,,,4.665007,,
2000-04-25,,,4.665007,,
2000-04-26,,,4.665007,,
2000-04-27,,,4.665007,,
2000-04-28,,,4.617885,,
2000-05-01,,,4.617885,,
2000-05-02,,,4.617885,,
2000-05-03,,,4.617885,,
2000-05-04,,,4.617885,,
2000-05-05,,,4.617885,,
2000-05-08,,,4.617885,,
2000-05-09,,,4.617885,,
2000-05-10,,,4.617885,,
2000-05-11,,,4.617885,,
2000-05-12,,,4.617885,,
2000-05-15,,,4.617885,,
2000-05-16,,,4.617885,,
2000-05-17,,,4.617885,,
2000-05-18,,,4.617885,,
2000-05-19,,,4.617885,,
2000-05-22,,,4.617885,,
2000-05-23,,,4.617885,,
2000-05-24,,,4.617885,,
2000-05-25,,,4.617885,,
2000-05-26,,,4.617885,,
2000-05-30,,,4.617885,,
2000-05-31,,,4.584225,,
2000-06-01,,,4.584225,,
2000-06-02,,,4.584225,,
2000-06-05,,,4.584225,,
2000-06-06,,,4.584225,,
2000-06-07,,,4.584225,,
2000-06-08,,,4.584225,,
2000-06-09,,,4.584225,,
2000-06-12,,,4.584225,,
2000-06-13,,,4.584225,,
2000-06-14,,,4.584225,,
2000-06-15,,,4.584225,,
2000-06-16,,,4.584225,,
2000-06-19,,,4.584225,,
2000-06-20,,,4.584225,,
2000-06-21,,,4.584225,,
2000-06-22,,,4.584225,,
2000-06-23,,,4.584225,,
2000-06-26,,,4.584225,,
2000-06-27,,,4.584225,,
2000-06-28,,,4.584225,,
2000-06-29,,,4.584225,,
2000-06-30,,,4.658276,,
2000-07-03,,,4.658276,,
2000-07-05,,,4.658276,,
2000-07-06,,,4.658276,,
2000-07-07,,,4.658276,,
2000-07-10,,,4.658276,,
2000-07-11,,,4.658276,,
2000-07-12,,,4.658276,,
2000-07-13,,,4.658276,,
2000-07-14,,,4.658276,,
2000-07-17,,,4.658276,,
2000-07-18,,,4.658276,,
2000-07-19,,,4.658276,,
2000-07-20,,,4.658276,,
2000-07-21,,,4.658276,,
2000-07-24,,,4.658276,,
2000-07-25,,,4.658276,,
2000-07-26,,,4.658276,,
2000-07-27,,,4.658276,,
2000-07-28,,,4.658276,,
2000-07-31,,,4.67174,,
2000-08-01,,,4.67174,,
2000-08-02,,,4.67174,,
2000-08-03,,,4.67174,,
2000-08-04,,,4.67174,,
2000-08-07,,,4.67174,,
2000-08-08,,,4.67174,,
2000-08-09,,,4.67174,,
2000-08-10,,,4.67174,,
2000-08-11,,,4.67174,,
2000-08-14,,,4.67174,,
2000-08-15,,,4.67174,,
2000-08-16,,,4.67174,,
2000-08-17,,,4.67174,,
2000-08-18,,,4.67174,,
2000-08-21,,,4.67174,,
2000-08-22,,,4.67174,,
2000-08-23,,,4.67174,,
2000-08-24,,,4.67174,,
2000-08-25,,,4.67174,,
2000-08-28,,,4.67174,,
2000-08-29,,,4.67174,,
2000-08-30,,,4.67174,,
2000-08-31,,,4.71213,,
2000-09-01,,,4.71213,,
2000-09-05,,,4.71213,,
2000-09-06,,,4.71213,,
2000-09-07,,,4.71213,,
2000-09-08,,,4.71213,,
2000-09-11,,,4.71213,,
2000-09-12,,,4.71213,,
2000-09-13,,,4.71213,,
2000-09-14,,,4.71213,,
2000-09-15,,,4.71213,,
2000-09-18,,,4.71213,,
2000-09-19,,,4.71213,,
2000-09-20,,,4.71213,,
2000-09-21,,,4.71213,,
2000-09-22,,,4.71213,,
2000-09-25,,,4.71213,,
2000-09-26,,,4.71213,,
2000-09-27,,,4.71213,,
2000-09-28,,,4.71213,,
2000-09-29,,,4.718861,,
2000-10-02,,,4.718861,,
2000-10-03,,,4.718861,,
2000-10-04,,,4.718861,,
2000-10-05,,,4.718861,,
2000-10-06,,,4.718861,,
2000-10-09,,,4.718861,,
2000-10-10,,,4.718861,,
2000-10-11,,,4.718861,,
2000-10-12,,,4.718861,,
2000-10-13,,,4.718861,,
2000-10-16,,,4.718861,,
2000-10-17,,,4.718861,,
2000-10-18,,,4.718861,,
2000-10-19,,,4.718861,,
2000-10-20,,,4.718861,,
2000-10-23,,,4.718861,,
2000-10-24,,,4.718861,,
2000-10-25,,,4.718861,,
2000-10-26,,,4.718861,,
2000-10-27,,,4.718861,,
2000-10-30,,,4.718861,,
2000-10-31,,,4.705398,,
2000-11-01,,,4.705398,,
2000-11-02,,,4.705398,,
2000-11-03,,,4.705398,,
2000-11-06,,,4.705398,,
2000-11-07,,,4.705398,,
2000-11-08,,,4.705398,,
2000-11-09,,,4.705398,,
2000-11-10,,,4.705398,,
2000-11-13,,,4.705398,,
2000-11-14,,,4.705398,,
2000-11-15,,,4.705398,,
2000-11-16,,,4.705398,,
2000-11-17,,,4.705398,,
2000-11-20,,,4.705398,,
2000-11-21,,,4.705398,,
2000-11-22,,,4.705398,,
2000-11-24,,,4.705398,,
2000-11-27,,,4.705398,,
2000-11-28,,,4.705398,,
2000-11-29,,,4.705398,,
2000-11-30,,,4.75925,,
2000-12-01,,,4.75925,,
2000-12-04,,,4.75925,,
2000-12-05,,,4.75925,,
2000-12-06,,,4.75925,,
2000-12-07,,,4.75925,,
2000-12-08,,,4.75925,,
2000-12-11,,,4.75925,,
2000-12-12,,,4.75925,,
2000-12-13,,,4.75925,,
2000-12-14,,,4.75925,,
2000-12-15,,,4.75925,,
2000-12-18,,,4.75925,,
2000-12-19,,,4.75925,,
2000-12-20,,,4.75925,,
2000-12-21,,,4.75925,,
2000-12-22,,,4.75925,,
2000-12-26,,,4.75925,,
2000-12-27,,,4.75925,,
2000-12-28,,,4.75925,,
2000-12-29,,,4.819833,,
2001-01-02,,,4.819833,,
2001-01-03,,,4.819833,,
2001-01-04,,,4.819833,,
2001-01-05,,,4.819833,,
2001-01-08,,,4.819833,,
2001-01-09,,,4.819833,,
2001-01-10,,,4.819833,,
2001-01-11,,,4.819833,,
2001-01-12,,,4.819833,,
2001-01-16,,,4.819833,,
2001-01-17,,,4.819833,,
2001-01-18,,,4.819833,,
2001-01-19,,,4.819833,,
2001-01-22,,,4.819833,,
2001-01-23,,,4.819833,,
2001-01-24,,,4.819833,,
2001-01-25,,,4.819833,,
2001-01-26,,,4.819833,,
2001-01-29,,,4.819833,,
2001-01-30,,,4.819833,,
2001-01-31,,,4.873684,,
2001-02-01,,,4.873684,,
2001-02-02,,,4.873684,,
2001-02-05,,,4.873684,,
2001-02-06,,,4.873684,,
2001-02-07,,,4.873684,,
2001-02-08,,,4.873684,,
2001-02-09,,,4.873684,,
2001-02-12,,,4.873684,,
2001-02-13,,,4.873684,,
2001-02-14,,,4.873684,,
2001-02-15,,,4.873684,,
2001-02-16,,,4.873684,,
2001-02-20,,,4.873684,,
2001-02-21,,,4.873684,,
2001-02-22,,,4.873684,,
2001-02-23,,,4.873684,,
2001-02-26,,,4.873684,,
2001-02-27,,,4.873684,,
2001-02-28,,,4.893881,,
2001-03-01,,,4.893881,,
2001-03-02,,,4.893881,,
2001-03-05,,,4.893881,,
2001-03-06,,,4.893881,,
2001-03-07,,,4.893881,,
2001-03-08,,,4.893881,,
2001-03-09,,,4.893881,,
2001-03-12,,,4.893881,,
2001-03-13,,,4.893881,,
2001-03-14,,,4.893881,,
2001-03-15,,,4.893881,,
2001-03-16,,,4.893881,,
2001-03-19,,,4.893881,,
2001-03-20,,,4.893881,,
2001-03-21,,,4.893881,,
2001-03-22,,,4.893881,,
2001-03-23,,,4.893881,,
2001-03-26,,,4.893881,,
2001-03-27,,,4.893881,,
2001-03-28,,,4.893881,,
2001-03-29,,,4.893881,,
2001-03-30,,,4.887154,,
2001-04-02,,,4.887154,,
2001-04-03,,,4.887154,,
2001-04-04,,,4.887154,,
2001-04-05,,,4.887154,,
2001-04-06,,,4.887154,,
2001-04-09,,,4.887154,,
2001-04-10,,,4.887154,,
2001-04-11,,,4.887154,,
2001-04-12,,,4.887154,,
2001-04-16,,,4.887154,,
2001-04-17,,,4.887154,,
2001-04-18,,,4.887154,,
2001-04-19,,,4.887154,,
2001-04-20,,,4.887154,,
2001-04-23,,,4.887154,,
2001-04-24,,,4.887154,,
2001-04-25,,,4.887154,,
2001-04-26,,,4.887154,,
2001-04-27,,,4.887154,,
2001-04-30,,,4.833294,,
2001-05-01,,,4.833294,,
2001-05-02,,,4.833294,,
2001-05-03,,,4.833294,,
2001-05-04,,,4.833294,,
2001-05-07,,,4.833294,,
2001-05-08,,,4.833294,,
2001-05-09,,7.221194,4.833294,,
2001-05-10,,7.264523,4.833294,,
2001-05-11,,7.221194,4.833294,,
2001-05-14,,7.25008,4.833294,,
2001-05-15,,7.264523,4.833294,,
2001-05-16,,7.423388,4.833294,,
2001-05-17,,7.488379,4.833294,,
2001-05-18,,7.48116,4.833294,,
2001-05-21,,7.575035,4.833294,,
2001-05-22,,7.582254,4.833294,,
2001-05-23,,7.502822,4.833294,,
2001-05-24,,7.4956,4.833294,,
2001-05-25,,7.466716,4.833294,,
2001-05-29,,7.430609,4.833294,,
2001-05-30,,7.336734,4.833294,,
2001-05-31,,7.380061,4.846762,,
2001-06-01,,7.387282,4.846762,,
2001-06-04,,7.423388,4.846762,,
2001-06-05,,7.510043,4.846762,,
2001-06-06,,7.437831,4.846762,,
2001-06-07,,7.452273,4.846762,,
2001-06-08,,7.401725,4.846762,,
2001-06-11,,7.351177,4.846762,,
2001-06-12,,7.329514,4.846762,,
2001-06-13,,7.278966,4.846762,,
2001-06-14,,7.134543,4.846762,,
2001-06-15,,7.120098,4.846762,,
2001-06-18,,7.076773,4.846762,,
2001-06-19,,7.083993,4.846762,,
2001-06-20,,7.120098,4.846762,,
2001-06-21,,7.199532,4.846762,,
2001-06-22,,7.148983,4.846762,,
2001-06-25,,7.120098,4.846762,,
2001-06-26,,7.127319,4.846762,,
2001-06-27,,7.112878,4.846762,,
2001-06-28,,7.19231,4.846762,,
2001-06-29,,7.242859,4.840029,,
2001-07-02,,7.293406,4.840029,,
2001-07-03,,7.286186,4.840029,,
2001-07-05,,7.25008,4.840029,,
2001-07-06,,7.098434,4.840029,,
2001-07-09,,7.112878,4.840029,,
2001-07-10,,7.026222,4.840029,,
2001-07-11,,7.011782,4.840029,,
2001-07-12,,7.148983,4.840029,,
2001-07-13,,7.177868,4.840029,,
2001-07-16,,7.098434,4.840029,,
2001-07-17,,7.177868,4.840029,,
2001-07-18,,7.141762,4.840029,,
2001-07-19,,7.19231,4.840029,,
2001-07-20,,7.170646,4.840029,,
2001-07-23,,7.098434,4.840029,,
2001-07-24,,6.990117,4.840029,,
2001-07-25,,7.069549,4.840029,,
2001-07-26,,7.163424,4.840029,,
2001-07-27,,7.177868,4.840029,,
2001-07-30,,7.177868,4.840029,,
2001-07-31,,7.199532,4.927539,,
2001-08-01,,7.264523,4.927539,,
2001-08-02,,7.300629,4.927539,,
2001-08-03,,7.278966,4.927539,,
2001-08-06,,7.213973,4.927539,,
2001-08-07,,7.206752,4.927539,,
2001-08-08,,7.098434,4.927539,,
2001-08-09,,7.076773,4.927539,,
2001-08-10,,7.112878,4.927539,,
2001-08-13,,7.112878,4.927539,,
2001-08-14,,7.105657,4.927539,,
2001-08-15,,7.069549,4.927539,,
2001-08-16,,7.083993,4.927539,,
2001-08-17,,6.975674,4.927539,,
2001-08-20,,7.019001,4.927539,,
2001-08-21,,6.968452,4.927539,,
2001-08-22,,7.019001,4.927539,,
2001-08-23,,6.997337,4.927539,,
2001-08-24,,7.105657,4.927539,,
2001-08-27,,7.083993,4.927539,,
2001-08-28,,7.004559,4.927539,,
2001-08-29,,6.946788,4.927539,,
2001-08-30,,6.852915,4.927539,,
2001-08-31,,6.896242,4.961198,,
2001-09-04,,6.903463,4.961198,,
2001-09-05,,6.88902,4.961198,,
2001-09-06,,6.759038,4.961198,,
2001-09-07,,6.6435,4.961198,,
2001-09-10,,6.657943,4.961198,,
2001-09-17,,6.267998,4.961198,,
2001-09-18,,6.231892,4.961198,,
2001-09-19,,6.130795,4.961198,,
2001-09-20,,5.943043,4.961198,,
2001-09-21,,5.870831,4.961198,,
2001-09-24,,6.073025,4.961198,,
2001-09-25,,6.10191,4.961198,,
2001-09-26,,6.058583,4.961198,,
2001-09-27,,6.130795,4.961198,,
2001-09-28,,6.282438,4.994856,,
2001-10-01,,6.253556,4.994856,,
2001-10-02,,6.318547,4.994856,,
2001-10-03,,6.426864,4.994856,,
2001-10-04,,6.448528,4.994856,,
2001-10-05,,6.426864,4.994856,,
2001-10-08,,6.383536,4.994856,,
2001-10-09,,6.361873,4.994856,,
2001-10-10,,6.499076,4.994856,,
2001-10-11,,6.629057,4.994856,,
2001-10-12,,6.571288,4.994856,,
2001-10-15,,6.549624,4.994856,,
2001-10-16,,6.607394,4.994856,,
2001-10-17,,6.513519,4.994856,,
2001-10-18,,6.455749,4.994856,,
2001-10-19,,6.477412,4.994856,,
2001-10-22,,6.58573,4.994856,,
2001-10-23,,6.578509,4.994856,,
2001-10-24,,6.535182,4.994856,,
2001-10-25,,6.607394,4.994856,,
2001-10-26,,6.665163,4.994856,,
2001-10-29,,6.52796,4.994856,,
2001-10-30,,6.419643,4.994856,,
2001-10-31,,6.397979,5.075635,,
2001-11-01,,6.52074,5.075635,,
2001-11-02,,6.542403,5.075635,,
2001-11-05,,6.650721,5.075635,,
2001-11-06,,6.737375,5.075635,,
2001-11-07,,6.759038,5.075635,,
2001-11-08,,6.77348,5.075635,,
2001-11-09,,6.795144,5.075635,,
2001-11-12,,6.76626,5.075635,,
2001-11-13,,6.910684,5.075635,,
2001-11-14,,6.925126,5.075635,,
2001-11-15,,6.903463,5.075635,,
2001-11-16,,6.881799,5.075635,,
2001-11-19,,6.946788,5.075635,,
2001-11-20,,6.896242,5.075635,,
2001-11-21,,6.838472,5.075635,,
2001-11-23,,6.925126,5.075635,,
2001-11-26,,6.968452,5.075635,,
2001-11-27,,6.917904,5.075635,,
2001-11-28,,6.780703,5.075635,,
2001-11-29,,6.838472,5.075635,,
2001-11-30,,6.831251,4.994856,,
2001-12-03,,6.77348,4.994856,,
2001-12-04,,6.88902,4.994856,,
2001-12-05,,7.069549,4.994856,,
2001-12-06,,7.069549,4.994856,,
2001-12-07,,7.004559,4.994856,,
2001-12-10,,6.903463,4.994856,,
2001-12-11,,6.903463,4.994856,,
2001-12-12,,6.903463,4.994856,,
2001-12-13,,6.816808,4.994856,,
2001-12-14,,6.824029,4.994856,,
2001-12-17,,6.867356,4.994856,,
2001-12-18,,6.932349,4.994856,,
2001-12-19,,6.982895,4.994856,,
2001-12-20,,6.932349,4.994856,,
2001-12-21,,6.946788,4.994856,,
2001-12-24,,6.946788,4.994856,,
2001-12-26,,6.997337,4.994856,,
2001-12-27,,7.040666,4.994856,,
2001-12-28,,7.069549,4.994856,,
2001-12-31,,7.011782,4.941005,,
2002-01-02,,7.033444,4.941005,,
2002-01-03,,7.134543,4.941005,,
2002-01-04,,7.235637,4.941005,,
2002-01-07,,7.19231,4.941005,,
2002-01-08,,7.148983,4.941005,,
2002-01-09,,7.127319,4.941005,,
2002-01-10,,7.098434,4.941005,,
2002-01-11,,7.040666,4.941005,,
2002-01-14,,6.946788,4.941005,,
2002-01-15,,6.997337,4.941005,,
2002-01-16,,6.867356,4.941005,,
2002-01-17,,6.917904,4.941005,,
2002-01-18,,6.867356,4.941005,,
2002-01-22,,6.809587,4.941005,,
2002-01-23,,6.88902,4.941005,,
2002-01-24,,6.917904,4.941005,,
2002-01-25,,6.968452,4.941005,,
2002-01-28,,6.968452,4.941005,,
2002-01-29,,6.787923,4.941005,,
2002-01-30,,6.881799,4.941005,,
2002-01-31,,6.982895,4.954467,,
2002-02-01,,6.917904,4.954467,,
2002-02-04,,6.759038,4.954467,,
2002-02-05,,6.737375,4.954467,,
2002-02-06,,6.70849,4.954467,,
2002-02-07,,6.665163,4.954467,,
2002-02-08,,6.780703,4.954467,,
2002-02-11,,6.88902,4.954467,,
2002-02-12,,6.860136,4.954467,,
2002-02-13,,6.925126,4.954467,,
2002-02-14,,6.903463,4.954467,,
2002-02-15,,6.852915,4.954467,,
2002-02-19,,6.730153,4.954467,,
2002-02-20,,6.831251,4.954467,,
2002-02-21,,6.751817,4.954467,,
2002-02-22,,6.780703,4.954467,,
2002-02-25,,6.925126,4.954467,,
2002-02-26,,6.917904,4.954467,,
2002-02-27,,6.917904,4.954467,,
2002-02-28,,6.896242,4.981393,,
2002-03-01,,7.047886,4.981393,,
2002-03-04,,7.25008,4.981393,,
2002-03-05,,7.235637,4.981393,,
2002-03-06,,7.322293,4.981393,,
2002-03-07,,7.300629,4.981393,,
2002-03-08,,7.336734,4.981393,,
2002-03-11,,7.358398,4.981393,,
2002-03-12,,7.329514,4.981393,,
2002-03-13,,7.228416,4.981393,,
2002-03-14,,7.221194,4.981393,,
2002-03-15,,7.293406,4.981393,,
2002-03-18,,7.322293,4.981393,,
2002-03-19,,7.343956,4.981393,,
2002-03-20,,7.25008,4.981393,,
2002-03-21,,7.264523,4.981393,,
2002-03-22,,7.213973,4.981393,,
2002-03-25,,7.112878,4.981393,,
2002-03-26,,7.163424,4.981393,,
2002-03-27,,7.235637,4.981393,,
2002-03-28,,7.257302,4.873684,,
2002-04-01,,7.25008,4.873684,,
2002-04-02,,7.19231,4.873684,,
2002-04-03,,7.098434,4.873684,,
2002-04-04,,7.112878,4.873684,,
2002-04-05,,7.112878,4.873684,,
2002-04-08,,7.148983,4.873684,,
2002-04-09,,7.112878,4.873684,,
2002-04-10,,7.177868,4.873684,,
2002-04-11,,7.055109,4.873684,,
2002-04-12,,7.120098,4.873684,,
2002-04-15,,7.098434,4.873684,,
2002-04-16,,7.264523,4.873684,,
2002-04-17,,7.286186,4.873684,,
2002-04-18,,7.221194,4.873684,,
2002-04-19,,7.199532,4.873684,,
2002-04-22,,7.112878,4.873684,,
2002-04-23,,7.091213,4.873684,,
2002-04-24,,7.033444,4.873684,,
2002-04-25,,7.040666,4.873684,,
2002-04-26,,6.982895,4.873684,,
2002-04-29,,6.932349,4.873684,,
2002-04-30,,6.997337,4.934271,,
2002-05-01,,7.069549,4.934271,,
2002-05-02,,7.069549,4.934271,,
2002-05-03,,7.004559,4.934271,,
2002-05-06,,6.860136,4.934271,,
2002-05-07,,6.831251,4.934271,,
2002-05-08,,7.083993,4.934271,,
2002-05-09,,6.997337,4.934271,,
2002-05-10,,6.896242,4.934271,,
2002-05-13,,7.026222,4.934271,,
2002-05-14,,7.170646,4.934271,,
2002-05-15,,7.148983,4.934271,,
2002-05-16,,7.19231,4.934271,,
2002-05-17,,7.221194,4.934271,,
2002-05-20,,7.127319,4.934271,,
2002-05-21,,7.040666,4.934271,,
2002-05-22,,7.055109,4.934271,,
2002-05-23,,7.127319,4.934271,,
2002-05-24,,7.033444,4.934271,,
2002-05-28,,7.004559,4.934271,,
2002-05-29,,6.961231,4.934271,,
2002-05-30,,6.932349,4.934271,,
2002-05-31,,6.968452,4.954467,,
2002-06-03,,6.802365,4.954467,,
2002-06-04,,6.787923,4.954467,,
2002-06-05,,6.838472,4.954467,,
2002-06-06,,6.715712,4.954467,,
2002-06-07,,6.737375,4.954467,,
2002-06-10,,6.730153,4.954467,,
2002-06-11,,6.614614,4.954467,,
2002-06-12,,6.657943,4.954467,,
2002-06-13,,6.58573,4.954467,,
2002-06-14,,6.592952,4.954467,,
2002-06-17,,6.802365,4.954467,,
2002-06-18,,6.809587,4.954467,,
2002-06-19,,6.70849,4.954467,,
2002-06-20,,6.621836,4.954467,,
2002-06-21,,6.52074,4.954467,,
2002-06-24,,6.52796,4.954467,,
2002-06-25,,6.412422,4.954467,,
2002-06-26,,6.347431,4.954467,,
2002-06-27,,6.455749,4.954467,,
2002-06-28,,6.448528,4.954467,,
2002-07-01,,6.325767,4.954467,,
2002-07-02,,6.188564,4.954467,,
2002-07-03,,6.224671,4.954467,,
2002-07-05,,6.434085,4.954467,,
2002-07-08,,6.354653,4.954467,,
2002-07-09,,6.224671,4.954467,,
2002-07-10,,6.065804,4.954467,,
2002-07-11,,6.10191,4.954467,,
2002-07-12,,6.080246,4.954467,,
2002-07-15,,6.058583,4.954467,,
2002-07-16,,5.971928,4.954467,,
2002-07-17,,5.993592,4.954467,,
2002-07-18,,5.86361,4.954467,,
2002-07-19,,5.697524,4.954467,,
2002-07-22,,5.488109,4.954467,,
2002-07-23,,5.264251,4.954467,,
2002-07-24,,5.524214,4.954467,,
2002-07-25,,5.466445,4.954467,,
2002-07-26,,5.545878,4.954467,,
2002-07-29,,5.856389,4.954467,,
2002-07-30,,5.885273,4.954467,,
2002-07-31,,5.885273,4.967929,,
2002-08-01,,5.726408,4.967929,,
2002-08-02,,5.589205,4.967929,,
2002-08-05,,5.408675,4.967929,,
2002-08-06,,5.56032,4.967929,,
2002-08-07,,5.632532,4.967929,,
2002-08-08,,5.820284,4.967929,,
2002-08-09,,5.870831,4.967929,,
2002-08-12,,5.856389,4.967929,,
2002-08-13,,5.73363,4.967929,,
2002-08-14,,5.914158,4.967929,,
2002-08-15,,6.000813,4.967929,,
2002-08-16,,6.029699,4.967929,,
2002-08-19,,6.174122,4.967929,,
2002-08-20,,6.073025,4.967929,,
2002-08-21,,6.159678,4.967929,,
2002-08-22,,6.246333,4.967929,,
2002-08-23,,6.10191,4.967929,,
2002-08-26,,6.1669,4.967929,,
2002-08-27,,6.10191,5.035246,,
2002-08-28,,5.979148,5.048708,,
2002-08-29,,5.993592,5.05544,,
2002-08-30,,5.986372,5.062171,,
2002-09-03,,5.73363,5.082367,,
2002-09-04,,5.849169,5.082367,,
2002-09-05,,5.755293,5.089097,,
2002-09-06,,5.878053,5.062171,,
2002-09-09,,5.950264,5.062171,,
2002-09-10,,5.979148,5.068905,,
2002-09-11,,5.986372,5.062171,,
2002-09-12,,5.827504,5.082367,,
2002-09-13,,5.856389,5.095832,,
2002-09-16,,5.834726,5.102563,,
2002-09-17,,5.719186,5.102563,,
2002-09-18,,5.683081,5.102563,,
2002-09-19,,5.50255,5.109293,,
2002-09-20,,5.524214,5.102563,,
2002-09-23,,5.466445,5.109293,,
2002-09-24,,5.372569,5.102563,,
2002-09-25,,5.495329,5.089097,,
2002-09-26,,5.603648,5.095832,,
2002-09-27,,5.452002,5.102563,,
2002-09-30,,5.358126,5.109293,,
2002-10-01,,5.553099,5.095832,,
2002-10-02,,5.430339,5.102563,,
2002-10-03,,5.350905,5.095832,,
2002-10-04,,5.213703,5.089097,,
2002-10-07,,5.083721,5.089097,,
2002-10-08,,5.163154,5.075635,,
2002-10-09,,5.018732,5.075635,,
2002-10-10,,5.206482,5.062171,,
2002-10-11,,5.437561,5.048708,,
2002-10-14,,5.480887,5.048708,,
2002-10-15,,5.784178,5.028512,,
2002-10-16,,5.618089,5.015053,,
2002-10-17,,5.79862,5.001588,,
2002-10-18,,5.820284,5.001588,,
2002-10-21,,5.92138,4.988123,,
2002-10-22,,5.834726,4.988123,,
2002-10-23,,5.914158,4.988123,,
2002-10-24,,5.841946,5.00832,,
2002-10-25,,5.935822,5.028512,,
2002-10-28,,5.92138,5.035246,,
2002-10-29,,5.834726,5.05544,,
2002-10-30,,5.928602,5.05544,,
2002-10-31,,5.870831,5.091909,,
2002-11-01,,5.993592,5.085158,,
2002-11-04,,6.087467,5.078403,,
2002-11-05,,6.087467,5.078403,,
2002-11-06,,6.15246,5.091909,,
2002-11-07,,5.986372,5.118922,,
2002-11-08,,5.935822,5.125671,,
2002-11-11,,5.791399,5.125671,,
2002-11-12,,5.878053,5.125671,,
2002-11-13,,5.827504,5.125671,,
2002-11-14,,6.022477,5.112166,,
2002-11-15,,6.087467,5.112166,,
2002-11-18,,6.029699,5.118922,,
2002-11-19,,6.008035,5.125671,,
2002-11-20,,6.138015,5.118922,,
2002-11-21,,6.325767,5.112166,,
2002-11-22,,6.296882,5.105414,,
2002-11-25,,6.332988,5.105414,,
2002-11-26,,6.1669,5.125671,,
2002-11-27,,6.361873,5.098659,,
2002-11-29,,6.361873,5.109488,,
2002-12-02,,6.354653,5.123024,,
2002-12-03,,6.217448,5.116256,,
2002-12-04,,6.15246,5.129792,,
2002-12-05,,6.080246,5.136559,,
2002-12-06,,6.123574,5.143434,,
2002-12-09,,5.957486,5.150311,,
2002-12-10,,6.036919,5.150311,,
2002-12-11,,6.051362,5.157189,,
2002-12-12,,6.044139,5.157189,,
2002-12-13,,5.964706,5.150311,,
2002-12-16,,6.138015,5.143434,,
2002-12-17,,6.087467,5.150311,,
2002-12-18,,5.950264,5.164063,,
2002-12-19,,5.899718,5.184694,,
2002-12-20,,6.008035,5.184694,,
2002-12-23,,6.015255,5.184694,,
2002-12-24,,5.971928,5.191571,,
2002-12-26,,5.971928,5.191571,,
2002-12-27,,5.86361,5.212195,,
2002-12-30,,5.878053,5.212195,,
2002-12-31,,5.885273,5.217022,,
2003-01-02,,6.080246,5.182562,,
2003-01-03,,6.087467,5.182562,,
2003-01-06,,6.246333,5.182562,,
2003-01-07,,6.188564,5.196346,,
2003-01-08,,6.065804,5.210127,,
2003-01-09,,6.181343,5.175671,,
2003-01-10,,6.188564,5.182562,,
2003-01-13,,6.1669,5.189455,,
2003-01-14,,6.210227,5.196346,,
2003-01-15,,6.130795,5.196346,,
2003-01-16,,6.10191,5.196346,,
2003-01-17,,6.008035,5.203239,,
2003-01-21,,5.86361,5.210127,,
2003-01-22,,5.769735,5.217022,,
2003-01-23,,5.86361,5.210127,,
2003-01-24,,5.704744,5.223913,,
2003-01-27,,5.618089,5.210127,,
2003-01-28,,5.668638,5.210127,,
2003-01-29,,5.719186,5.196346,,
2003-01-30,,5.581983,5.210127,,
2003-01-31,,5.646975,5.220488,,
2003-02-03,,5.661417,5.227395,,
2003-02-04,,5.589205,5.234298,,
2003-02-05,,5.56032,5.227395,,
2003-02-06,,5.516993,5.234298,,
2003-02-07,,5.466445,5.2412,,
2003-02-10,,5.50255,5.227395,,
2003-02-11,,5.452002,5.234298,,
2003-02-12,,5.379789,5.234298,,
2003-02-13,,5.365349,5.2412,,
2003-02-14,,5.488109,5.234298,,
2003-02-18,,5.603648,5.234298,,
2003-02-19,,5.567542,5.24811,,
2003-02-20,,5.538657,5.255017,,
2003-02-21,,5.610869,5.24811,,
2003-02-24,,5.509772,5.255017,,
2003-02-25,,5.553099,5.261919,,
2003-02-26,,5.50255,5.268831,,
2003-02-27,,5.581983,5.275733,,
2003-02-28,,5.625312,5.291642,,
2003-03-03,,5.581983,5.298558,,
2003-03-04,,5.488109,5.305474,,
2003-03-05,,5.538657,5.305474,,
2003-03-06,,5.480887,5.305474,,
2003-03-07,,5.524214,5.312392,,
2003-03-10,,5.379789,5.312392,,
2003-03-11,,5.3148,5.305474,,
2003-03-12,,5.322021,5.305474,,
2003-03-13,,5.516993,5.277807,,
2003-03-14,,5.50255,5.284723,,
2003-03-17,,5.711964,5.26397,,
2003-03-18,,5.755293,5.250135,,
2003-03-19,,5.784178,5.243221,,
2003-03-20,,5.827504,5.236303,,
2003-03-21,,5.935822,5.22247,,
2003-03-24,,5.719186,5.243221,,
2003-03-25,,5.784178,5.250135,,
2003-03-26,,5.755293,5.257059,,
2003-03-27,,5.755293,5.26397,,
2003-03-28,,5.711964,5.27089,,
2003-03-31,,5.589205,5.295149,,
2003-04-01,,5.661417,5.295149,,
2003-04-02,,5.834726,5.281284,,
2003-04-03,,5.813061,5.288217,,
2003-04-04,,5.834726,5.281284,,
2003-04-07,,5.892495,5.267424,,
2003-04-08,,5.86361,5.281284,,
2003-04-09,,5.791399,5.288217,,
2003-04-10,,5.841946,5.281284,,
2003-04-11,,5.813061,5.274356,,
2003-04-14,,5.935822,5.274356,,
2003-04-15,,6.000813,5.288217,,
2003-04-16,,5.964706,5.295149,,
2003-04-17,,6.058583,5.295149,,
2003-04-21,,6.058583,5.295149,,
2003-04-22,,6.210227,5.295149,,
2003-04-23,,6.275219,5.295149,,
2003-04-24,,6.210227,5.315941,,
2003-04-25,,6.109131,5.322871,,
2003-04-28,,6.210227,5.322871,,
2003-04-29,,6.217448,5.322871,,
2003-04-30,,6.210227,5.34578,,
2003-05-01,,6.188564,5.34578,,
2003-05-02,,6.296882,5.338838,,
2003-05-05,,6.28966,5.34578,,
2003-05-06,,6.347431,5.366607,,
2003-05-07,,6.311324,5.380492,,
2003-05-08,,6.231892,5.380492,,
2003-05-09,,6.318547,5.380492,,
2003-05-12,,6.412422,5.380492,,
2003-05-13,,6.4052,5.387435,,
2003-05-14,,6.390759,5.401322,,
2003-05-15,,6.455749,5.394381,,
2003-05-16,,6.441306,5.408264,,
2003-05-19,,6.260775,5.408264,,
2003-05-20,,6.267998,5.422151,,
2003-05-21,,6.296882,5.415209,,
2003-05-22,,6.347431,5.422151,,
2003-05-23,,6.383536,5.422151,,
2003-05-27,,6.52796,5.415209,,
2003-05-28,,6.535182,5.415209,,
2003-05-29,,6.52074,5.429091,,
2003-05-30,,6.657943,5.431181,,
2003-06-02,,6.722933,5.424222,,
2003-06-03,,6.744598,5.438134,,
2003-06-04,,6.867356,5.445084,,
2003-06-05,,6.917904,5.438134,,
2003-06-06,,6.903463,5.438134,,
2003-06-09,,6.795144,5.452219,,
2003-06-10,,6.852915,5.466312,,
2003-06-11,,6.968452,5.466312,,
2003-06-12,,6.968452,5.473353,,
2003-06-13,,6.867356,5.4804,,
2003-06-16,,6.990117,5.473353,,
2003-06-17,,7.004559,5.459265,,
2003-06-18,,6.968452,5.445178,,
2003-06-19,,6.867356,5.445178,,
2003-06-20,,6.860136,5.438134,,
2003-06-23,,6.737375,5.445178,,
2003-06-24,,6.751817,5.459265,,
2003-06-25,,6.730153,5.438134,,
2003-06-26,,6.795144,5.409957,,
2003-06-27,,6.737375,5.409957,,
2003-06-30,,6.730153,5.426181,,
2003-07-01,,6.780703,5.41913,,
2003-07-02,,6.867356,5.426181,,
2003-07-03,,6.831251,5.405016,,
2003-07-07,,6.961231,5.39796,,
2003-07-08,,7.033444,5.390903,,
2003-07-09,,7.019001,5.39796,,
2003-07-10,,6.881799,5.39796,,
2003-07-11,,6.932349,5.405016,,
2003-07-14,,7.011782,5.39796,,
2003-07-15,,7.011782,5.362681,,
2003-07-16,,6.961231,5.355624,,
2003-07-17,,6.852915,5.355624,,
2003-07-18,,6.939568,5.348568,,
2003-07-21,,6.845693,5.313286,,
2003-07-22,,6.917904,5.320343,,
2003-07-23,,6.910684,5.3274,,
2003-07-24,,6.881799,5.320343,,
2003-07-25,,6.968452,5.313286,,
2003-07-28,,6.961231,5.292117,,
2003-07-29,,6.910684,5.263891,,
2003-07-30,,6.874579,5.27095,,
2003-07-31,,6.925126,5.237025,,
2003-08-01,,6.845693,5.229957,,
2003-08-04,,6.852915,5.244093,,
2003-08-05,,6.737375,5.229957,,
2003-08-06,,6.759038,5.272364,,
2003-08-07,,6.802365,5.286496,,
2003-08-08,,6.824029,5.293566,,
2003-08-11,,6.845693,5.272364,,
2003-08-12,,6.939568,5.272364,,
2003-08-13,,6.925126,5.222889,,
2003-08-14,,6.975674,5.215819,,
2003-08-15,,6.968452,5.229957,,
2003-08-18,,7.019001,5.244093,,
2003-08-19,,7.062329,5.272364,,
2003-08-20,,7.055109,5.258227,,
2003-08-21,,7.098434,5.244093,,
2003-08-22,,7.011782,5.251162,,
2003-08-25,,6.975674,5.237025,,
2003-08-26,,6.982895,5.251162,,
2003-08-27,,6.997337,5.237025,,
2003-08-28,,7.055109,5.265295,,
2003-08-29,,7.098434,5.268131,,
2003-09-02,,7.185089,5.239805,,
2003-09-03,,7.213973,5.239805,,
2003-09-04,,7.221194,5.261045,,
2003-09-05,,7.170646,5.303534,,
2003-09-08,,7.25008,5.29645,,
2003-09-09,,7.19231,5.303534,,
2003-09-10,,7.062329,5.324777,,
2003-09-11,,7.105657,5.310613,,
2003-09-12,,7.112878,5.331856,,
2003-09-15,,7.083993,5.331856,,
2003-09-16,,7.206752,5.324777,,
2003-09-17,,7.185089,5.353098,,
2003-09-18,,7.329514,5.353098,,
2003-09-19,,7.322293,5.353098,,
2003-09-22,,7.235637,5.33894,,
2003-09-23,,7.271743,5.346015,,
2003-09-24,,7.148983,5.360179,,
2003-09-25,,7.098434,5.367258,,
2003-09-26,,7.026222,5.388501,,
2003-09-29,,7.069549,5.374341,,
2003-09-30,,6.997337,5.413359,,
2003-10-01,,7.148983,5.406268,,
2003-10-02,,7.185089,5.399172,,
2003-10-03,,7.257302,5.349506,,
2003-10-06,,7.31507,5.363698,,
2003-10-07,,7.351177,5.349506,,
2003-10-08,,7.322293,5.342415,,
2003-10-09,,7.372841,5.335317,,
2003-10-10,,7.380061,5.349506,,
2003-10-13,,7.459493,5.349506,,
2003-10-14,,7.502822,5.328222,,
2003-10-15,,7.48116,5.321126,,
2003-10-16,,7.48116,5.306938,,
2003-10-17,,7.401725,5.321126,,
2003-10-20,,7.408946,5.328222,,
2003-10-21,,7.387282,5.328222,,
2003-10-22,,7.264523,5.342415,,
2003-10-23,,7.278966,5.335317,,
2003-10-24,,7.257302,5.356604,,
2003-10-27,,7.257302,5.349506,,
2003-10-28,,7.351177,5.363698,,
2003-10-29,,7.372841,5.349506,,
2003-10-30,,7.380061,5.335317,,
2003-10-31,,7.394504,5.353091,,
2003-11-03,,7.445053,5.345983,,
2003-11-04,,7.401725,5.353091,,
2003-11-05,,7.380061,5.345983,,
2003-11-06,,7.430609,5.324652,,
2003-11-07,,7.423388,5.324652,,
2003-11-10,,7.372841,5.317547,,
2003-11-11,,7.365618,5.317547,,
2003-11-12,,7.437831,5.331763,,
2003-11-13,,7.437831,5.367311,,
2003-11-14,,7.358398,5.381525,,
2003-11-17,,7.293406,5.388633,,
2003-11-18,,7.221194,5.395746,,
2003-11-19,,7.25008,5.381525,,
2003-11-20,,7.199532,5.395746,,
2003-11-21,,7.213973,5.395746,,
2003-11-24,,7.300629,5.374417,,
2003-11-25,,7.343956,5.388633,,
2003-11-26,,7.387282,5.374417,,
2003-11-28,,7.387282,5.368722,,
2003-12-01,,7.459493,5.354481,,
2003-12-02,,7.445053,5.361601,,
2003-12-03,,7.423388,5.354481,,
2003-12-04,,7.459493,5.368722,,
2003-12-05,,7.408946,5.404465,,
2003-12-08,,7.466716,5.38302,,
2003-12-09,,7.408946,5.368722,,
2003-12-10,,7.394504,5.38302,,
2003-12-11,,7.488379,5.397316,,
2003-12-12,,7.524485,5.397316,,
2003-12-15,,7.488379,5.39017,,
2003-12-16,,7.531706,5.404465,,
2003-12-17,,7.553371,5.411613,,
2003-12-18,,7.640024,5.418764,,
2003-12-19,,7.640025,5.425913,,
2003-12-22,,7.690862,5.418764,,
2003-12-23,,7.712649,5.397316,,
2003-12-24,,7.690862,5.411613,,
2003-12-26,,7.705385,5.418764,,
2003-12-29,,7.799796,5.404465,,
2003-12-30,,7.80706,5.397316,,
2003-12-31,,7.80706,5.415225,,
2004-01-02,,7.785274,5.393734,,
2004-01-05,,7.894209,5.393734,,
2004-01-06,,7.894209,5.415225,,
2004-01-07,,7.901469,5.422386,,
2004-01-08,,7.95957,5.422386,,
2004-01-09,,7.885754,5.45104,,
2004-01-12,,7.944222,5.458202,,
2004-01-13,,7.900372,5.465366,,
2004-01-14,,7.980764,5.472527,,
2004-01-15,,8.009996,5.472527,,
2004-01-16,,8.053847,5.465366,,
2004-01-20,,8.090387,5.458202,,
2004-01-21,,8.126932,5.465366,,
2004-01-22,,8.083082,5.479693,,
2004-01-23,,8.061158,5.458202,,
2004-01-26,,8.119624,5.443874,,
2004-01-27,,8.024614,5.45104,,
2004-01-28,,7.893063,5.42955,,
2004-01-29,,7.885754,5.422386,,
2004-01-30,,7.878448,5.451836,,
2004-02-02,,7.893063,5.451836,,
2004-02-03,,7.849213,5.466202,,
2004-02-04,,7.776129,5.459018,,
2004-02-05,,7.783437,5.444655,,
2004-02-06,,7.885754,5.466202,,
2004-02-09,,7.893063,5.473386,,
2004-02-10,,7.95153,5.466202,,
2004-02-11,,8.046538,5.487753,,
2004-02-12,,8.002687,5.48057,,
2004-02-13,,7.966146,5.487753,,
2004-02-17,,8.039231,5.487753,,
2004-02-18,,7.995381,5.487753,,
2004-02-19,,7.966146,5.48057,,
2004-02-20,,7.914988,5.473386,,
2004-02-23,,7.87114,5.48057,,
2004-02-24,,7.849213,5.487753,,
2004-02-25,,7.914988,5.487753,,
2004-02-26,,7.922297,5.48057,,
2004-02-27,,7.944222,5.505035,,
2004-03-01,,8.017306,5.505035,,
2004-03-02,,7.980764,5.490642,,
2004-03-03,,7.988073,5.490642,,
2004-03-04,,8.009996,5.497838,,
2004-03-05,,8.046538,5.541015,,
2004-03-08,,7.988073,5.548213,,
2004-03-09,,7.914988,5.555408,,
2004-03-10,,7.783437,5.555408,,
2004-03-11,,7.67381,5.548213,,
2004-03-12,,7.768821,5.548213,,
2004-03-15,,7.659194,5.541015,,
2004-03-16,,7.681119,5.562606,,
2004-03-17,,7.798053,5.562606,,
2004-03-18,,7.783437,5.548213,,
2004-03-19,,7.717663,5.541015,,
2004-03-22,,7.59342,5.555408,,
2004-03-23,,7.578801,5.555408,,
2004-03-24,,7.527643,5.555408,,
2004-03-25,,7.651886,5.548213,,
2004-03-26,,7.659194,5.526627,,
2004-03-29,,7.76151,5.519427,,
2004-03-30,,7.798053,5.519427,,
2004-03-31,,7.805362,5.54611,,
2004-04-01,,7.863831,5.53169,,
2004-04-02,,7.922297,5.481204,,
2004-04-05,,7.95153,5.466782,,
2004-04-06,,7.944222,5.473989,,
2004-04-07,,7.907677,5.481204,,
2004-04-08,,7.893063,5.473989,,
2004-04-12,,7.944222,5.459567,,
2004-04-13,,7.819979,5.437932,,
2004-04-14,,7.798053,5.430722,,
2004-04-15,,7.798053,5.423507,,
2004-04-16,,7.849213,5.437932,,
2004-04-19,,7.856519,5.430722,,
2004-04-20,,7.739587,5.423507,,
2004-04-21,,7.783437,5.416294,,
2004-04-22,,7.907677,5.423507,,
2004-04-23,,7.885754,5.409083,,
2004-04-26,,7.849213,5.409083,,
2004-04-27,,7.87114,5.416294,,
2004-04-28,,7.76151,5.40187,,
2004-04-29,,7.710353,5.380235,,
2004-04-30,,7.651886,5.398301,,
2004-05-03,,7.710353,5.398301,,
2004-05-04,,7.739587,5.391071,,
2004-05-05,,7.739587,5.376621,,
2004-05-06,,7.681119,5.362168,,
2004-05-07,,7.549568,5.318808,,
2004-05-10,,7.418017,5.311579,,
2004-05-11,,7.483793,5.318808,,
2004-05-12,,7.505719,5.318808,,
2004-05-13,,7.49841,5.304355,,
2004-05-14,,7.491101,5.326035,,
2004-05-17,,7.396092,5.347712,,
2004-05-18,,7.432634,5.340487,,
2004-05-19,,7.425327,5.326035,,
2004-05-20,,7.425327,5.340487,,
2004-05-21,,7.447251,5.333261,,
2004-05-24,,7.469178,5.340487,,
2004-05-25,,7.564185,5.340487,,
2004-05-26,,7.564185,5.35494,,
2004-05-27,,7.608035,5.376621,,
2004-05-28,,7.600728,5.371554,,
2004-06-01,,7.59342,5.357073,,
2004-06-02,,7.629959,5.349836,,
2004-06-03,,7.571494,5.357073,,
2004-06-04,,7.608035,5.342499,,
2004-06-07,,7.72497,5.349788,,
2004-06-08,,7.72497,5.349788,,
2004-06-09,,7.67381,5.342499,,
2004-06-10,,7.710353,5.342499,,
2004-06-14,,7.629959,5.320633,,
2004-06-15,,7.688428,5.364364,,
2004-06-16,,7.717663,5.357073,,
2004-06-17,,7.72497,5.364364,,
2004-06-18,,7.754203,5.364364,,
2004-06-21,,7.717663,5.371653,,
2004-06-22,,7.739587,5.364364,,
2004-06-23,,7.812669,5.364364,,
2004-06-24,,7.798053,5.378943,,
2004-06-25,,7.754203,5.378943,,
2004-06-28,,7.754203,5.357073,,
2004-06-29,,7.768821,5.364364,,
2004-06-30,,7.790747,5.395026,,
2004-07-01,,7.732278,5.409627,,
2004-07-02,,7.710353,5.438829,,
2004-07-06,,7.67381,5.438829,,
2004-07-07,,7.681119,5.438829,,
2004-07-08,,7.608035,5.438829,,
2004-07-09,,7.637269,5.438829,,
2004-07-12,,7.651886,5.438829,,
2004-07-13,,7.659194,5.431527,,
2004-07-14,,7.644577,5.431527,,
2004-07-15,,7.629959,5.431527,,
2004-07-16,,7.629959,5.46073,,
2004-07-19,,7.629959,5.46073,,
2004-07-20,,7.681119,5.438829,,
2004-07-21,,7.578801,5.431527,,
2004-07-22,,7.578801,5.438829,,
2004-07-23,,7.534952,5.446125,,
2004-07-26,,7.534952,5.431527,,
2004-07-27,,7.608035,5.409627,,
2004-07-28,,7.651886,5.409627,,
2004-07-29,,7.681119,5.416929,,
2004-07-30,,7.67381,5.448373,,
2004-08-02,,7.703045,5.448373,,
2004-08-03,,7.67381,5.455688,,
2004-08-04,,7.622652,5.455688,,
2004-08-05,,7.49841,5.462999,,
2004-08-06,,7.388783,5.514192,,
2004-08-09,,7.410709,5.499568,,
2004-08-10,,7.49841,5.484939,,
2004-08-11,,7.505719,5.492253,,
2004-08-12,,7.418017,5.499568,,
2004-08-13,,7.432634,5.506882,,
2004-08-16,,7.527643,5.499568,,
2004-08-17,,7.527643,5.514192,,
2004-08-18,,7.615344,5.514192,,
2004-08-19,,7.600728,5.514192,,
2004-08-20,,7.666502,5.506882,,
2004-08-23,,7.622652,5.499568,,
2004-08-24,,7.637269,5.499568,,
2004-08-25,,7.695735,5.506882,,
2004-08-26,,7.695735,5.514192,,
2004-08-27,,7.703045,5.514192,,
2004-08-30,,7.659194,5.521507,,
2004-08-31,,7.695735,5.553746,,
2004-09-01,,7.710353,5.553746,,
2004-09-02,,7.790747,5.53909,,
2004-09-03,,7.768821,5.517112,,
2004-09-07,,7.827287,5.524436,,
2004-09-08,,7.798053,5.546417,,
2004-09-09,,7.819979,5.53909,,
2004-09-10,,7.841905,5.53909,,
2004-09-13,,7.841905,5.546417,,
2004-09-14,,7.849213,5.553746,,
2004-09-15,,7.798053,5.546417,,
2004-09-16,,7.849213,5.568398,,
2004-09-17,,7.893063,5.553746,,
2004-09-20,,7.856519,5.568398,,
2004-09-21,,7.907677,5.575728,,
2004-09-22,,7.783437,5.583051,,
2004-09-23,,7.739587,5.575728,,
2004-09-24,,7.754203,5.568398,,
2004-09-27,,7.717663,5.575728,,
2004-09-28,,7.776129,5.575728,,
2004-09-29,,7.776129,5.575728,,
2004-09-30,,7.812669,5.586003,,
2004-10-01,,7.922297,5.5493,,
2004-10-04,,7.95153,5.5493,,
2004-10-05,,7.95153,5.5493,,
2004-10-06,,8.017306,5.54196,,
2004-10-07,,7.95153,5.534619,,
2004-10-08,,7.914988,5.563981,,
2004-10-11,,7.922297,5.563981,,
2004-10-12,,7.893063,5.571321,,
2004-10-13,,7.841905,5.578661,,
2004-10-14,,7.783437,5.59334,,
2004-10-15,,7.841905,5.578661,,
2004-10-18,,7.863831,5.586003,,
2004-10-19,,7.783437,5.586003,,
2004-10-20,,7.790747,5.59334,,
2004-10-21,,7.819979,5.59334,,
2004-10-22,,7.754203,5.59334,,
2004-10-25,,7.76151,5.600682,,
2004-10-26,,7.863831,5.59334,,
2004-10-27,,7.936913,5.578661,,
2004-10-28,,7.944222,5.578661,,
2004-10-29,,7.966146,5.605139,,
2004-11-01,,7.988073,5.590431,,
2004-11-02,,7.988073,5.597788,,
2004-11-03,,8.090387,5.597788,,
2004-11-04,,8.221941,5.597788,,
2004-11-05,,8.229249,5.575721,,
2004-11-08,,8.214634,5.568363,,
2004-11-09,,8.221941,5.568363,,
2004-11-10,,8.207323,5.561006,,
2004-11-11,,8.280408,5.561006,,
2004-11-12,,8.353491,5.575721,,
2004-11-15,,8.353491,5.575721,,
2004-11-16,,8.295027,5.575721,,
2004-11-17,,8.353491,5.590431,,
2004-11-18,,8.360801,5.597788,,
2004-11-19,,8.273098,5.583074,,
2004-11-22,,8.316951,5.590431,,
2004-11-23,,8.331565,5.583074,,
2004-11-24,,8.353491,5.583074,,
2004-11-26,,8.375418,5.575721,,
2004-11-29,,8.346183,5.553652,,
2004-11-30,,8.324257,5.564703,,
2004-12-01,,8.441192,5.557336,,
2004-12-02,,8.411959,5.549966,,
2004-12-03,,8.426574,5.579646,,
2004-12-06,,8.426574,5.594486,,
2004-12-07,,8.324257,5.594486,,
2004-12-08,,8.346183,5.616743,,
2004-12-09,,8.397342,5.609322,,
2004-12-10,,8.411959,5.609322,,
2004-12-13,,8.485041,5.609322,,
2004-12-14,,8.543509,5.609322,,
2004-12-15,,8.565435,5.624163,,
2004-12-16,,8.514276,5.601905,,
2004-12-17,,8.469777,5.594486,,
2004-12-20,,8.469777,5.594486,,
2004-12-21,,8.55136,5.609322,,
2004-12-22,,8.573608,5.601905,,
2004-12-23,,8.573608,5.594486,,
2004-12-27,,8.529109,5.579646,,
2004-12-28,,8.588443,5.584098,,
2004-12-29,,8.581027,5.576676,,
2004-12-30,,8.588443,5.584098,,
2004-12-31,,8.581027,5.598949,,
2005-01-03,,8.514276,5.598949,,
2005-01-04,,8.380778,5.584098,,
2005-01-05,,8.32886,5.584098,,
2005-01-06,,8.358527,5.584098,,
2005-01-07,,8.336177,5.584098,,
2005-01-10,,8.336177,5.584098,,
2005-01-11,,8.284031,5.591527,,
2005-01-12,,8.32128,5.591527,,
2005-01-13,,8.269133,5.606375,,
2005-01-14,,8.336177,5.598949,,
2005-01-18,,8.403224,5.598949,,
2005-01-19,,8.306379,5.598949,,
2005-01-20,,8.246781,5.606375,,
2005-01-21,,8.209533,5.613801,,
2005-01-24,,8.164836,5.613801,,
2005-01-25,,8.202083,5.606375,,
2005-01-26,,8.239331,5.606375,,
2005-01-27,,8.239331,5.598949,,
2005-01-28,,8.209533,5.613801,,
2005-01-31,,8.284031,5.624962,,
2005-02-01,,8.343627,5.624962,,
2005-02-02,,8.365976,5.624962,,
2005-02-03,,8.336177,5.624962,,
2005-02-04,,8.477723,5.647284,,
2005-02-07,,8.455373,5.647284,,
2005-02-08,,8.48517,5.654726,,
2005-02-09,,8.418123,5.669607,,
2005-02-10,,8.470272,5.647284,,
2005-02-11,,8.559667,5.639846,,
2005-02-14,,8.552218,5.647284,,
2005-02-15,,8.589467,5.639846,,
2005-02-16,,8.589467,5.624962,,
2005-02-17,,8.514972,5.624962,,
2005-02-18,,8.500073,5.610081,,
2005-02-22,,8.388327,5.602641,,
2005-02-23,,8.440473,5.610081,,
2005-02-24,,8.52242,5.602641,,
2005-02-25,,8.626715,5.602641,,
2005-02-28,,8.582017,5.598913,,
2005-03-01,,8.634165,5.59146,,
2005-03-02,,8.634165,5.598913,,
2005-03-03,,8.626715,5.59146,,
2005-03-04,,8.71611,5.613823,,
2005-03-07,,8.73101,5.613823,,
2005-03-08,,8.686312,5.598913,,
2005-03-09,,8.596916,5.569096,,
2005-03-10,,8.611814,5.576545,,
2005-03-11,,8.552218,5.561638,,
2005-03-14,,8.604367,5.561638,,
2005-03-15,,8.52987,5.554186,,
2005-03-16,,8.447924,5.561638,,
2005-03-17,,8.48517,5.569096,,
2005-03-18,,8.49262,5.561638,,
2005-03-21,,8.455373,5.554186,,
2005-03-22,,8.365976,5.531817,,
2005-03-23,,8.343627,5.524361,,
2005-03-24,,8.343627,5.531817,,
2005-03-28,,8.358527,5.516907,,
2005-03-29,,8.276581,5.524361,,
2005-03-30,,8.388327,5.531817,,
2005-03-31,,8.388327,5.559464,,
2005-04-01,,8.336177,5.566933,,
2005-04-04,,8.343627,5.566933,,
2005-04-05,,8.358527,5.566933,,
2005-04-06,,8.388327,5.574409,,
2005-04-07,,8.440473,5.566933,,
2005-04-08,,8.358527,5.559464,,
2005-04-11,,8.358527,5.566933,,
2005-04-12,,8.403224,5.581879,,
2005-04-13,,8.284031,5.581879,,
2005-04-14,,8.179735,5.581879,,
2005-04-15,,8.060541,5.596826,,
2005-04-18,,8.097789,5.596826,,
2005-04-19,,8.157386,5.611771,,
2005-04-20,,8.053091,5.611771,,
2005-04-21,,8.187183,5.596826,,
2005-04-22,,8.135036,5.611771,,
2005-04-25,,8.202083,5.6043,,
2005-04-26,,8.149936,5.6043,,
2005-04-27,,8.172284,5.6043,,
2005-04-28,,8.090338,5.619242,,
2005-04-29,,8.179735,5.62374,,
2005-05-02,,8.224431,5.62374,,
2005-05-03,,8.216983,5.62374,,
2005-05-04,,8.313827,5.631224,,
2005-05-05,,8.298928,5.631224,,
2005-05-06,,8.276581,5.608759,,
2005-05-09,,8.328728,5.608759,,
2005-05-10,,8.254231,5.616249,,
2005-05-11,,8.276581,5.616249,,
2005-05-12,,8.194632,5.62374,,
2005-05-13,,8.164836,5.62374,,
2005-05-16,,8.254231,5.62374,,
2005-05-17,,8.298928,5.62374,,
2005-05-18,,8.388327,5.638713,,
2005-05-19,,8.418123,5.631224,,
2005-05-20,,8.410676,5.631224,,
2005-05-23,,8.433022,5.646202,,
2005-05-24,,8.440473,5.646202,,
2005-05-25,,8.403224,5.646202,,
2005-05-26,,8.447924,5.646202,,
2005-05-27,,8.455373,5.646202,,
2005-05-31,,8.418123,5.681476,,
2005-06-01,,8.49262,5.70399,,
2005-06-02,,8.514972,5.70399,,
2005-06-03,,8.462823,5.692652,,
2005-06-06,,8.470272,5.692652,,
2005-06-07,,8.470272,5.700215,,
2005-06-08,,8.455373,5.692652,,
2005-06-09,,8.50752,5.685091,,
2005-06-10,,8.477723,5.669973,,
2005-06-13,,8.500073,5.662413,,
2005-06-14,,8.52242,5.654852,,
2005-06-15,,8.53732,5.654852,,
2005-06-16,,8.582017,5.662413,,
2005-06-17,,8.626715,5.662413,,
2005-06-20,,8.604367,5.662413,,
2005-06-21,,8.582017,5.669973,,
2005-06-22,,8.596916,5.692652,,
2005-06-23,,8.50752,5.685091,,
2005-06-24,,8.447924,5.692652,,
2005-06-27,,8.440473,5.700215,,
2005-06-28,,8.514972,5.685091,,
2005-06-29,,8.50752,5.685091,,
2005-06-30,,8.440473,5.705551,,
2005-07-01,,8.470272,5.682819,,
2005-07-05,,8.552218,5.667662,,
2005-07-06,,8.500073,5.67524,,
2005-07-07,,8.52242,5.682819,,
2005-07-08,,8.634165,5.667662,,
2005-07-11,,8.701212,5.67524,,
2005-07-12,,8.73101,5.667662,,
2005-07-13,,8.73101,5.660088,,
2005-07-14,,8.73101,5.660088,,
2005-07-15,,8.73101,5.660088,,
2005-07-18,,8.686312,5.65251,,
2005-07-19,,8.753359,5.660088,,
2005-07-20,,8.820407,5.660088,,
2005-07-21,,8.72356,5.637358,,
2005-07-22,,8.783159,5.65251,,
2005-07-25,,8.768259,5.644932,,
2005-07-26,,8.783159,5.644932,,
2005-07-27,,8.805509,5.644932,,
2005-07-28,,8.857656,5.660088,,
2005-07-29,,8.805509,5.658569,,
2005-08-01,,8.820407,5.650975,,
2005-08-02,,8.902353,5.643377,,
2005-08-03,,8.894904,5.650975,,
2005-08-04,,8.820407,5.650975,,
2005-08-05,,8.72356,5.628187,,
2005-08-08,,8.678863,5.620591,,
2005-08-09,,8.73101,5.628187,,
2005-08-10,,8.73101,5.628187,,
2005-08-11,,8.812958,5.643377,,
2005-08-12,,8.768259,5.658569,,
2005-08-15,,8.798059,5.650975,,
2005-08-16,,8.686312,5.666164,,
2005-08-17,,8.678863,5.650975,,
2005-08-18,,8.663964,5.666164,,
2005-08-19,,8.686312,5.666164,,
2005-08-22,,8.71611,5.666164,,
2005-08-23,,8.693763,5.673758,,
2005-08-24,,8.649064,5.673758,,
2005-08-25,,8.671414,5.681355,,
2005-08-26,,8.611814,5.673758,,
2005-08-29,,8.663964,5.673758,,
2005-08-30,,8.634165,5.696548,,
2005-08-31,,8.745909,5.725477,,
2005-09-01,,8.768259,5.725477,,
2005-09-02,,8.73101,5.725477,,
2005-09-06,,8.842756,5.710251,,
2005-09-07,,8.850205,5.695024,,
2005-09-08,,8.827855,5.695024,,
2005-09-09,,8.902353,5.702635,,
2005-09-12,,8.880002,5.695024,,
2005-09-13,,8.812958,5.702635,,
2005-09-14,,8.790607,5.695024,,
2005-09-15,,8.783159,5.687409,,
2005-09-16,,8.842756,5.672182,,
2005-09-19,,8.805509,5.679796,,
2005-09-20,,8.745909,5.679796,,
2005-09-21,,8.626715,5.687409,,
2005-09-22,,8.649064,5.695024,,
2005-09-23,,8.656513,5.672182,,
2005-09-26,,8.678863,5.664567,,
2005-09-27,,8.678863,5.664567,,
2005-09-28,,8.701212,5.672182,,
2005-09-29,,8.790607,5.664567,,
2005-09-30,,8.820407,5.669908,,
2005-10-03,,8.820407,5.654648,,
2005-10-04,,8.73101,5.654648,,
2005-10-05,,8.596916,5.654648,,
2005-10-06,,8.54477,5.654648,,
2005-10-07,,8.574568,5.654648,,
2005-10-10,,8.49262,5.654648,,
2005-10-11,,8.477723,5.647016,,
2005-10-12,,8.410676,5.631756,,
2005-10-13,,8.425575,5.624124,,
2005-10-14,,8.50752,5.624124,,
2005-10-17,,8.52987,5.624124,,
2005-10-18,,8.447924,5.631756,,
2005-10-19,,8.567118,5.631756,,
2005-10-20,,8.477723,5.631756,,
2005-10-21,,8.49262,5.647016,,
2005-10-24,,8.611814,5.631756,,
2005-10-25,,8.582017,5.624124,,
2005-10-26,,8.559667,5.601229,,
2005-10-27,,8.462823,5.608861,,
2005-10-28,,8.582017,5.601229,,
2005-10-31,,8.656513,5.623417,,
2005-11-01,,8.611814,5.615767,,
2005-11-02,,8.71611,5.608115,,
2005-11-03,,8.745909,5.600466,,
2005-11-04,,8.76081,5.592814,,
2005-11-07,,8.790607,5.600466,,
2005-11-08,,8.76081,5.615767,,
2005-11-09,,8.805509,5.600466,,
2005-11-10,,8.880002,5.615767,,
2005-11-11,,8.924702,5.615767,,
2005-11-14,,8.894904,5.600466,,
2005-11-15,,8.835305,5.608115,,
2005-11-16,,8.827855,5.631068,,
2005-11-17,,8.924702,5.638718,,
2005-11-18,,8.976851,5.623417,,
2005-11-21,,9.014099,5.638718,,
2005-11-22,,9.073693,5.646371,,
2005-11-23,,9.125844,5.638718,,
2005-11-25,,9.133291,5.646371,,
2005-11-28,,9.058797,5.654023,,
2005-11-29,,9.058797,5.631068,,
2005-11-30,,8.991749,5.644876,,
2005-12-01,,9.096045,5.637201,,
2005-12-02,,9.088595,5.637201,,
2005-12-05,,9.058797,5.621864,,
2005-12-06,,9.081145,5.644876,,
2005-12-07,,9.036447,5.637201,,
2005-12-08,,9.028996,5.652543,,
2005-12-09,,9.066246,5.633331,,
2005-12-12,,9.073693,5.633331,,
2005-12-13,,9.148192,5.641016,,
2005-12-14,,9.170543,5.656388,,
2005-12-15,,9.133291,5.656388,,
2005-12-16,,9.115912,5.656388,,
2005-12-19,,9.052718,5.664072,,
2005-12-20,,9.04482,5.656388,,
2005-12-21,,9.084316,5.648699,,
2005-12-22,,9.131713,5.664072,,
2005-12-23,,9.147512,5.679441,,
2005-12-27,,9.052718,5.687128,,
2005-12-28,,9.084316,5.679441,,
2005-12-29,,9.068518,5.679442,,
2005-12-30,,9.021121,5.671748,,
2006-01-03,,9.16331,5.679442,,
2006-01-04,,9.210709,5.687137,,
2006-01-05,,9.218606,5.687137,,
2006-01-06,,9.286302,5.679442,,
2006-01-09,,9.326123,5.687137,,
2006-01-10,,9.310193,5.671748,,
2006-01-11,,9.350017,5.664052,,
2006-01-12,,9.286302,5.679442,,
2006-01-13,,9.310193,5.694832,,
2006-01-17,,9.254445,5.702529,,
2006-01-18,,9.198696,5.694832,,
2006-01-19,,9.278336,5.687137,,
2006-01-20,,9.111089,5.694832,,
2006-01-23,,9.16684,5.694832,,
2006-01-24,,9.206661,5.687137,,
2006-01-25,,9.206661,5.671748,,
2006-01-26,,9.326123,5.656356,,
2006-01-27,,9.397802,5.664052,,
2006-01-30,,9.405766,5.656356,,
2006-01-31,,9.397802,5.677957,,
2006-02-01,,9.397802,5.67024,,
2006-02-02,,9.34205,5.67024,,
2006-02-03,,9.294266,5.67024,,
2006-02-06,,9.318157,5.67024,,
2006-02-07,,9.214623,5.67024,,
2006-02-08,,9.246481,5.662525,,
2006-02-09,,9.246481,5.662525,,
2006-02-10,,9.254445,5.654812,,
2006-02-13,,9.206661,5.654812,,
2006-02-14,,9.326123,5.647101,,
2006-02-15,,9.34205,5.654812,,
2006-02-16,,9.413732,5.654812,,
2006-02-17,,9.413732,5.67024,,
2006-02-21,,9.389836,5.662525,,
2006-02-22,,9.461514,5.67024,,
2006-02-23,,9.445587,5.662525,,
2006-02-24,,9.469481,5.67024,,
2006-02-27,,9.501336,5.662525,,
2006-02-28,,9.397802,5.690361,,
2006-03-01,,9.493373,5.682631,,
2006-03-02,,9.477445,5.667167,,
2006-03-03,,9.453551,5.659435,,
2006-03-06,,9.381873,5.64397,,
2006-03-07,,9.34205,5.64397,,
2006-03-08,,9.334087,5.64397,,
2006-03-09,,9.302229,5.64397,,
2006-03-10,,9.373911,5.64397,,
2006-03-13,,9.381873,5.636242,,
2006-03-14,,9.469481,5.659435,,
2006-03-15,,9.525229,5.651702,,
2006-03-16,,9.533195,5.674896,,
2006-03-17,,9.533195,5.667167,,
2006-03-20,,9.533195,5.674896,,
2006-03-21,,9.461514,5.659435,,
2006-03-22,,9.525229,5.659435,,
2006-03-23,,9.493373,5.651702,,
2006-03-24,,9.517264,5.667167,,
2006-03-27,,9.501336,5.659435,,
2006-03-28,,9.437624,5.636242,,
2006-03-29,,9.509299,5.62851,,
2006-03-30,,9.477445,5.620777,,
2006-03-31,,9.453551,5.634733,,
2006-04-03,,9.469481,5.634733,,
2006-04-04,,9.517264,5.634733,,
2006-04-05,,9.565051,5.64248,,
2006-04-06,,9.549121,5.626978,,
2006-04-07,,9.453551,5.611478,,
2006-04-10,,9.445587,5.611478,,
2006-04-11,,9.373911,5.619226,,
2006-04-12,,9.381873,5.611478,,
2006-04-13,,9.381873,5.595972,,
2006-04-17,,9.373911,5.603725,,
2006-04-18,,9.573015,5.619226,,
2006-04-19,,9.620799,5.611478,,
2006-04-20,,9.604871,5.611478,,
2006-04-21,,9.620799,5.619226,,
2006-04-24,,9.588944,5.619226,,
2006-04-25,,9.533195,5.603725,,
2006-04-26,,9.549121,5.595972,,
2006-04-27,,9.549121,5.603725,,
2006-04-28,,9.573015,5.625481,,
2006-05-01,,9.549121,5.609942,,
2006-05-02,,9.612834,5.617712,,
2006-05-03,,9.596908,5.609942,,
2006-05-04,,9.628764,5.609942,,
2006-05-05,,9.740265,5.617712,,
2006-05-08,,9.756193,5.617712,,
2006-05-09,,9.77212,5.617712,,
2006-05-10,,9.756193,5.617712,,
2006-05-11,,9.628764,5.609942,,
2006-05-12,,9.493373,5.602171,,
2006-05-15,,9.485409,5.602171,,
2006-05-16,,9.469481,5.617712,,
2006-05-17,,9.286302,5.602171,,
2006-05-18,,9.222587,5.625481,,
2006-05-19,,9.262409,5.625481,,
2006-05-22,,9.214623,5.625481,,
2006-05-23,,9.190731,5.617712,,
2006-05-24,,9.16684,5.625481,,
2006-05-25,,9.270373,5.617712,,
2006-05-26,,9.34205,5.625481,,
2006-05-30,,9.198696,5.609942,,
2006-05-31,,9.278336,5.616952,,
2006-06-01,,9.381873,5.624742,,
2006-06-02,,9.413732,5.655907,,
2006-06-05,,9.254445,5.648117,,
2006-06-06,,9.214623,5.648117,,
2006-06-07,,9.16684,5.640324,,
2006-06-08,,9.158875,5.648117,,
2006-06-09,,9.119054,5.648117,,
2006-06-12,,9.007554,5.648117,,
2006-06-13,,8.904019,5.648117,,
2006-06-14,,8.911983,5.624742,,
2006-06-15,,9.111089,5.616952,,
2006-06-16,,9.087196,5.609162,,
2006-06-19,,9.007554,5.601371,,
2006-06-20,,8.991625,5.601371,,
2006-06-21,,9.079231,5.593578,,
2006-06-22,,9.03941,5.585792,,
2006-06-23,,9.015518,5.577998,,
2006-06-26,,9.05534,5.570211,,
2006-06-27,,8.983661,5.577998,,
2006-06-28,,9.03941,5.570211,,
2006-06-29,,9.230552,5.585792,,
2006-06-30,,9.230552,5.624065,,
2006-07-03,,9.294266,5.624065,,
2006-07-05,,9.254445,5.600632,,
2006-07-06,,9.262409,5.616255,,
2006-07-07,,9.206661,5.624065,,
2006-07-10,,9.230552,5.631878,,
2006-07-11,,9.262409,5.631878,,
2006-07-12,,9.174803,5.631878,,
2006-07-13,,9.03941,5.639689,,
2006-07-14,,8.975696,5.647499,,
2006-07-17,,8.951802,5.639689,,
2006-07-18,,8.983661,5.624065,,
2006-07-19,,9.15091,5.647499,,
2006-07-20,,9.071267,5.663124,,
2006-07-21,,8.991625,5.65531,,
2006-07-24,,9.127017,5.65531,,
2006-07-25,,9.174803,5.65531,,
2006-07-26,,9.16684,5.663124,,
2006-07-27,,9.15091,5.663124,,
2006-07-28,,9.254445,5.678742,,
2006-07-31,,9.230552,5.695191,,
2006-08-01,,9.198696,5.703028,,
2006-08-02,,9.246481,5.710863,,
2006-08-03,,9.278336,5.703028,,
2006-08-04,,9.278336,5.72653,,
2006-08-07,,9.238517,5.718696,,
2006-08-08,,9.206661,5.718696,,
2006-08-09,,9.15091,5.718696,,
2006-08-10,,9.16684,5.718696,,
2006-08-11,,9.127017,5.703028,,
2006-08-14,,9.134983,5.695191,,
2006-08-15,,9.238517,5.718696,,
2006-08-16,,9.294266,5.734364,,
2006-08-17,,9.302229,5.734364,,
2006-08-18,,9.334087,5.742201,,
2006-08-21,,9.286302,5.742201,,
2006-08-22,,9.318157,5.750031,,
2006-08-23,,9.286302,5.742201,,
2006-08-24,,9.302229,5.742201,,
2006-08-25,,9.294266,5.750031,,
2006-08-28,,9.35798,5.742201,,
2006-08-29,,9.365944,5.750031,,
2006-08-30,,9.373911,5.757865,,
2006-08-31,,9.373911,5.78301,,
2006-09-01,,9.413732,5.78301,,
2006-09-05,,9.413732,5.775155,,
2006-09-06,,9.334087,5.767295,,
2006-09-07,,9.302229,5.775155,,
2006-09-08,,9.34205,5.775155,,
2006-09-11,,9.34205,5.767295,,
2006-09-12,,9.469481,5.775155,,
2006-09-13,,9.501336,5.775155,,
2006-09-14,,9.493373,5.775155,,
2006-09-15,,9.493373,5.767295,,
2006-09-18,,9.501336,5.767295,,
2006-09-19,,9.485409,5.78301,,
2006-09-20,,9.541158,5.78301,,
2006-09-21,,9.477445,5.806581,,
2006-09-22,,9.461514,5.814439,,
2006-09-25,,9.565051,5.822293,,
2006-09-26,,9.620799,5.814439,,
2006-09-27,,9.628764,5.814439,,
2006-09-28,,9.644692,5.806581,,
2006-09-29,,9.628764,5.823919,,
2006-10-02,,9.596908,5.823919,,
2006-10-03,,9.660621,5.831799,,
2006-10-04,,9.780085,5.839679,,
2006-10-05,,9.780085,5.831799,,
2006-10-06,,9.764158,5.808159,,
2006-10-09,,9.788048,5.808159,,
2006-10-10,,9.811942,5.792395,,
2006-10-11,,9.796013,5.784515,,
2006-10-12,,9.899548,5.792395,,
2006-10-13,,9.947333,5.784515,,
2006-10-16,,9.971228,5.792395,,
2006-10-17,,9.939366,5.792395,,
2006-10-18,,9.939366,5.800278,,
2006-10-19,,9.947333,5.792395,,
2006-10-20,,9.97919,5.792395,,
2006-10-23,,10.05087,5.784515,,
2006-10-24,,10.034944,5.784515,,
2006-10-25,,10.082727,5.800278,,
2006-10-26,,10.138475,5.808159,,
2006-10-27,,10.034944,5.823919,,
2006-10-30,,10.026977,5.823919,,
2006-10-31,,10.003083,5.858708,,
2006-11-01,,9.907512,5.87452,,
2006-11-02,,9.907512,5.866613,,
2006-11-03,,9.875655,5.834991,,
2006-11-06,,10.011047,5.842896,,
2006-11-07,,10.034944,5.850803,,
2006-11-08,,10.05087,5.858708,,
2006-11-09,,9.97919,5.858708,,
2006-11-10,,9.97919,5.87452,,
2006-11-13,,10.003083,5.866613,,
2006-11-14,,10.058835,5.87452,,
2006-11-15,,10.090691,5.858708,,
2006-11-16,,10.082727,5.850803,,
2006-11-17,,10.082727,5.866613,,
2006-11-20,,10.106618,5.87452,,
2006-11-21,,10.138475,5.87452,,
2006-11-22,,10.170332,5.87452,,
2006-11-24,,10.14644,5.882429,,
2006-11-27,,9.97919,5.882429,,
2006-11-28,,10.003083,5.890336,,
2006-11-29,,10.130512,5.890336,,
2006-11-30,,10.162368,5.924436,,
2006-12-01,,10.154405,5.940297,,
2006-12-04,,10.234046,5.940297,,
2006-12-05,,10.249975,5.932365,,
2006-12-06,,10.249975,5.924436,,
2006-12-07,,10.226082,5.924436,,
2006-12-08,,10.234046,5.900613,,
2006-12-11,,10.24201,5.908553,,
2006-12-12,,10.210153,5.916495,,
2006-12-13,,10.226082,5.900613,,
2006-12-14,,10.297761,5.892671,,
2006-12-15,,10.29943,5.892671,,
2006-12-18,,10.224253,5.892671,,
2006-12-19,,10.240957,5.892671,,
2006-12-20,,10.224253,5.892671,,
2006-12-21,,10.182487,5.900613,,
2006-12-22,,10.132366,5.884728,,
2006-12-26,,10.174134,5.884728,,
2006-12-27,,10.257667,5.860905,,
2006-12-28,,10.232606,5.852962,,
2006-12-29,,10.174134,5.884099,,
2007-01-03,,10.14072,5.900064,,
2007-01-04,,10.124015,5.90805,,
2007-01-05,,10.031728,5.900064,,
2007-01-08,,10.059413,5.900064,,
2007-01-09,,10.050186,5.900064,,
2007-01-10,,10.07787,5.892085,,
2007-01-11,,10.142473,5.884099,,
2007-01-12,,10.207075,5.876115,,
2007-01-16,,10.197846,5.876115,,
2007-01-17,,10.207075,5.868134,,
2007-01-18,,10.142473,5.876115,,
2007-01-19,,10.197846,5.868134,,
2007-01-22,,10.142473,5.876115,,
2007-01-23,,10.207075,5.868134,,
2007-01-24,,10.308592,5.868134,,
2007-01-25,,10.207075,5.852165,,
2007-01-26,,10.216304,5.852165,,
2007-01-29,,10.216304,5.844179,,
2007-01-30,,10.290134,5.852165,,
2007-01-31,,10.363964,5.878592,,
2007-02-01,,10.465482,5.878592,,
2007-02-02,,10.483941,5.8866,,
2007-02-05,,10.474711,5.894609,,
2007-02-06,,10.520854,5.902618,,
2007-02-07,,10.548541,5.910629,,
2007-02-08,,10.548541,5.910629,,
2007-02-09,,10.483941,5.894609,,
2007-02-12,,10.428567,5.8866,,
2007-02-13,,10.530083,5.8866,,
2007-02-14,,10.62237,5.910629,,
2007-02-15,,10.640829,5.918637,,
2007-02-16,,10.650056,5.918637,,
2007-02-20,,10.6962,5.918637,,
2007-02-21,,10.714659,5.918637,,
2007-02-22,,10.742346,5.910629,,
2007-02-23,,10.714659,5.918637,,
2007-02-26,,10.714659,5.934658,,
2007-02-27,,10.336276,5.950673,,
2007-02-28,,10.382423,5.959508,,
2007-03-01,,10.345507,5.951478,,
2007-03-02,,10.197846,5.959508,,
2007-03-05,,10.068642,5.959508,,
2007-03-06,,10.24399,5.951478,,
2007-03-07,,10.253219,5.96754,,
2007-03-08,,10.354735,5.959508,,
2007-03-09,,10.373193,5.943446,,
2007-03-12,,10.419338,5.951478,,
2007-03-13,,10.207075,5.96754,,
2007-03-14,,10.262447,5.959508,,
2007-03-15,,10.299362,5.959508,,
2007-03-16,,10.253219,5.951478,,
2007-03-19,,10.363964,5.951478,,
2007-03-20,,10.428567,5.951478,,
2007-03-21,,10.613142,5.959508,,
2007-03-22,,10.603912,5.951478,,
2007-03-23,,10.6316,5.943446,,
2007-03-26,,10.62237,5.943446,,
2007-03-27,,10.566998,5.943446,,
2007-03-28,,10.474711,5.935411,,
2007-03-29,,10.493167,5.935411,,
2007-03-30,,10.502398,5.954752,,
2007-04-02,,10.530083,5.954752,,
2007-04-03,,10.613142,5.946693,,
2007-04-04,,10.640829,5.946693,,
2007-04-05,,10.677743,5.946693,,
2007-04-09,,10.6962,5.930579,,
2007-04-10,,10.723886,5.930579,,
2007-04-11,,10.659286,5.930579,,
2007-04-12,,10.723886,5.930579,,
2007-04-13,,10.760803,5.922522,,
2007-04-16,,10.853091,5.930579,,
2007-04-17,,10.853091,5.946693,,
2007-04-18,,10.86232,5.954752,,
2007-04-19,,10.853091,5.946693,,
2007-04-20,,10.94538,5.946693,,
2007-04-23,,10.963838,5.954752,,
2007-04-24,,10.973066,5.96281,,
2007-04-25,,11.083811,5.954752,,
2007-04-26,,11.093041,5.946693,,
2007-04-27,,11.093041,5.938635,,
2007-04-30,,10.973066,5.981477,,
2007-05-01,,10.991523,5.973393,,
2007-05-02,,11.111499,5.973393,,
2007-05-03,,11.157643,5.965312,,
2007-05-04,,11.176101,5.973393,,
2007-05-07,,11.185328,5.973393,,
2007-05-08,,11.166873,5.973393,,
2007-05-09,,11.231473,5.965312,,
2007-05-10,,11.083811,5.973393,,
2007-05-11,,11.231473,5.965312,,
2007-05-14,,11.194558,5.957225,,
2007-05-15,,11.166873,5.957225,,
2007-05-16,,11.222245,5.957225,,
2007-05-17,,11.231473,5.941062,,
2007-05-18,,11.314533,5.932977,,
2007-05-21,,11.360676,5.941062,,
2007-05-22,,11.360676,5.924893,,
2007-05-23,,11.342217,5.916813,,
2007-05-24,,11.185328,5.924893,,
2007-05-25,,11.259159,5.916813,,
2007-05-29,,11.286845,5.908729,,
2007-05-30,,11.388363,5.908729,,
2007-05-31,,11.425279,5.928192,,
2007-06-01,,11.471422,5.911973,,
2007-06-04,,11.499108,5.920084,,
2007-06-05,,11.434508,5.903864,,
2007-06-06,,11.296075,5.903864,,
2007-06-07,,11.074583,5.871423,,
2007-06-08,,11.203786,5.871423,,
2007-06-11,,11.231473,5.863316,,
2007-06-12,,11.120728,5.830875,,
2007-06-13,,11.296075,5.847096,,
2007-06-14,,11.397593,5.847096,,
2007-06-15,,11.480651,5.863316,,
2007-06-18,,11.489881,5.863316,,
2007-06-19,,11.499108,5.879536,,
2007-06-20,,11.33299,5.863316,,
2007-06-21,,11.416051,5.847096,,
2007-06-22,,11.314533,5.863316,,
2007-06-25,,11.240702,5.871423,,
2007-06-26,,11.166873,5.863316,,
2007-06-27,,11.277617,5.871423,,
2007-06-28,,11.268388,5.855206,,
2007-06-29,,11.268388,5.891007,,
2007-07-02,,11.416051,5.899145,,
2007-07-03,,11.462193,5.88287,,
2007-07-05,,11.443735,5.858462,,
2007-07-06,,11.508338,5.850324,,
2007-07-09,,11.526795,5.858462,,
2007-07-10,,11.360676,5.88287,,
2007-07-11,,11.416051,5.874736,,
2007-07-12,,11.619083,5.858462,,
2007-07-13,,11.674457,5.866597,,
2007-07-16,,11.637541,5.874736,,
2007-07-17,,11.628312,5.858462,,
2007-07-18,,11.591396,5.874736,,
2007-07-19,,11.683685,5.866597,,
2007-07-20,,11.554482,5.874736,,
2007-07-23,,11.58217,5.874736,,
2007-07-24,,11.314533,5.874736,,
2007-07-25,,11.369905,5.874736,,
2007-07-26,,11.102269,5.891007,,
2007-07-27,,10.926922,5.88287,,
2007-07-30,,11.056126,5.874736,,
2007-07-31,,10.963838,5.902491,,
2007-08-01,,10.94538,5.894327,,
2007-08-02,,11.009981,5.894327,,
2007-08-03,,10.6962,5.886163,,
2007-08-06,,10.871549,5.861671,,
2007-08-07,,10.954607,5.861671,,
2007-08-08,,11.139185,5.83718,,
2007-08-09,,10.853091,5.853508,,
2007-08-10,,10.843863,5.845342,,
2007-08-13,,10.86232,5.853508,,
2007-08-14,,10.659286,5.853508,,
2007-08-15,,10.447024,5.853508,,
2007-08-16,,10.465482,5.861671,,
2007-08-17,,10.714659,5.845342,,
2007-08-20,,10.723886,5.845342,,
2007-08-21,,10.742346,5.853508,,
2007-08-22,,10.908464,5.845342,,
2007-08-23,,10.899236,5.845342,,
2007-08-24,,11.02844,5.845342,,
2007-08-27,,10.917692,5.861671,,
2007-08-28,,10.640829,5.877998,,
2007-08-29,,10.899236,5.861671,,
2007-08-30,,10.834633,5.877998,,
2007-08-31,,10.991523,5.890289,,
2007-09-04,,11.139185,5.882096,,
2007-09-05,,11.019209,5.914861,,
2007-09-06,,11.065355,5.906672,,
2007-09-07,,10.880777,5.947633,,
2007-09-10,,10.853091,5.955826,,
2007-09-11,,11.009981,5.939441,,
2007-09-12,,10.982294,5.931249,,
2007-09-13,,11.056126,5.914861,,
2007-09-14,,11.065355,5.923056,,
2007-09-17,,10.991523,5.923056,,
2007-09-18,,11.33299,5.931249,,
2007-09-19,,11.397593,5.931249,,
2007-09-20,,11.360676,5.890289,,
2007-09-21,,11.406819,5.898482,,
2007-09-24,,11.323763,5.898482,,
2007-09-25,,11.33299,5.906672,,
2007-09-26,,11.397593,5.906672,,
2007-09-27,,11.452965,5.923056,,
2007-09-28,,11.425279,5.943609,,
2007-10-01,,11.600625,5.943609,,
2007-10-02,,11.600625,5.951829,,
2007-10-03,,11.545254,5.951829,,
2007-10-04,,11.56371,5.960051,,
2007-10-05,,11.711371,5.927166,,
2007-10-08,,11.674457,5.927166,,
2007-10-09,,11.757518,5.927166,,
2007-10-10,,11.739058,5.927166,,
2007-10-11,,11.683685,5.935387,,
2007-10-12,,11.739058,5.918947,,
2007-10-15,,11.665228,5.918947,,
2007-10-16,,11.591396,5.918947,,
2007-10-17,,11.619083,5.943609,,
2007-10-18,,11.628312,5.951829,,
2007-10-19,,11.323763,5.976492,,
2007-10-22,,11.360676,5.968272,,
2007-10-23,,11.471422,5.968272,,
2007-10-24,,11.425279,5.984712,,
2007-10-25,,11.443735,5.976492,,
2007-10-26,,11.600625,5.951829,,
2007-10-29,,11.64677,5.951829,,
2007-10-30,,11.517565,5.943609,,
2007-10-31,,11.665228,5.930414,,
2007-11-01,,11.351448,5.955158,,
2007-11-02,,11.351448,5.963402,,
2007-11-05,,11.268388,5.955158,,
2007-11-06,,11.443735,5.938659,,
2007-11-07,,11.139185,5.938659,,
2007-11-08,,11.139185,5.938659,,
2007-11-09,,11.019209,5.946908,,
2007-11-12,,10.797719,5.946908,,
2007-11-13,,11.083811,5.922165,,
2007-11-14,,11.046899,5.922165,,
2007-11-15,,10.871549,5.938659,,
2007-11-16,,10.890007,5.930414,,
2007-11-19,,10.6962,5.946908,,
2007-11-20,,10.733117,5.930414,,
2007-11-21,,10.548541,5.946908,,
2007-11-23,,10.723886,5.946908,,
2007-11-26,,10.530083,5.979902,,
2007-11-27,,10.62237,5.946908,,
2007-11-28,,10.94538,5.930414,,
2007-11-29,,10.94538,5.955158,,
2007-11-30,,11.009981,5.974187,,
2007-12-03,,10.963838,5.990736,,
2007-12-04,,10.890007,5.990736,,
2007-12-05,,11.056126,5.982462,,
2007-12-06,,11.259159,5.957641,,
2007-12-07,,11.268388,5.924539,,
2007-12-10,,11.360676,5.916265,,
2007-12-11,,11.074583,5.965912,,
2007-12-12,,11.157643,5.941091,,
2007-12-13,,11.139185,5.924539,,
2007-12-14,,10.973066,5.907992,,
2007-12-17,,10.788489,5.916265,,
2007-12-18,,10.871549,5.932816,,
2007-12-19,,10.899236,5.949363,,
2007-12-20,,10.936152,5.957641,,
2007-12-21,,11.122808,5.922022,,
2007-12-24,,11.21853,5.905459,,
2007-12-26,,11.237673,5.888893,,
2007-12-27,,11.074946,5.905459,,
2007-12-28,,11.094091,5.938589,,
2007-12-31,,11.036658,5.975153,,
2008-01-02,,10.902648,6.016707,,
2008-01-03,,10.883504,6.008395,,
2008-01-04,,10.596339,6.025017,,
2008-01-07,,10.596339,6.025017,,
2008-01-08,,10.385755,6.025017,,
2008-01-09,,10.45276,6.025017,,
2008-01-10,,10.538909,6.008395,,
2008-01-11,,10.390067,6.033327,,
2008-01-14,,10.524505,6.033327,,
2008-01-15,,10.226823,6.049948,,
2008-01-16,,10.150001,6.041638,,
2008-01-17,,9.823511,6.049948,,
2008-01-18,,9.765894,6.041638,,
2008-01-22,,9.689074,6.074879,,
2008-01-23,,9.938745,6.074879,,
2008-01-24,,10.053974,6.016707,,
2008-01-25,,9.929139,6.041638,,
2008-01-28,,10.150001,6.033327,,
2008-01-29,,10.226823,6.016707,,
2008-01-30,,10.159603,6.008395,,
2008-01-31,,10.361259,6.044243,,
2008-02-01,,10.54371,6.052583,,
2008-02-04,,10.447682,6.035907,,
2008-02-05,,10.101989,6.052583,,
2008-02-06,,10.015564,6.044243,,
2008-02-07,,10.140398,6.00256,,
2008-02-08,,10.092385,6.019231,,
2008-02-11,,10.150001,6.019231,,
2008-02-12,,10.207616,5.994222,,
2008-02-13,,10.361259,5.985887,,
2008-02-14,,10.188412,5.944204,,
2008-02-15,,10.159603,5.952538,,
2008-02-19,,10.188412,5.910854,,
2008-02-20,,10.294042,5.902519,,
2008-02-21,,10.169206,5.935864,,
2008-02-22,,10.246027,5.91919,,
2008-02-25,,10.418876,5.885842,,
2008-02-26,,10.495696,5.902519,,
2008-02-27,,10.476491,5.910854,,
2008-02-28,,10.370862,5.944204,,
2008-02-29,,10.025166,6.002725,,
2008-03-03,,10.015564,5.986004,,
2008-03-04,,9.948345,5.952563,,
2008-03-05,,9.996358,5.910761,,
2008-03-06,,9.727483,5.89404,,
2008-03-07,,9.631457,5.910761,,
2008-03-10,,9.429802,5.919121,,
2008-03-11,,9.823511,5.89404,,
2008-03-12,,9.708278,5.935843,,
2008-03-13,,9.7851,5.910761,,
2008-03-14,,9.554637,5.927484,,
2008-03-17,,9.391392,5.952563,,
2008-03-18,,9.86192,5.919121,,
2008-03-19,,9.612252,5.944204,,
2008-03-20,,9.890729,5.944204,,
2008-03-24,,10.053974,5.89404,,
2008-03-25,,10.082782,5.902401,,
2008-03-26,,9.96755,5.910761,,
2008-03-27,,9.852318,5.89404,,
2008-03-28,,9.746689,5.910761,,
2008-03-31,,9.833112,5.936756,,
2008-04-01,,10.246027,5.894828,,
2008-04-02,,10.246027,5.894828,,
2008-04-03,,10.274836,5.894828,,
2008-04-04,,10.274836,5.928369,,
2008-04-07,,10.303642,5.919985,,
2008-04-08,,10.25563,5.911597,,
2008-04-09,,10.121191,5.936756,,
2008-04-10,,10.150001,5.919985,,
2008-04-11,,9.929139,5.936756,,
2008-04-14,,9.881126,5.928369,,
2008-04-15,,9.957948,5.903214,,
2008-04-16,,10.236423,5.869671,,
2008-04-17,,10.246027,5.869671,,
2008-04-18,,10.418876,5.878057,,
2008-04-21,,10.390067,5.894828,,
2008-04-22,,10.294042,5.894828,,
2008-04-23,,10.294042,5.894828,,
2008-04-24,,10.399668,5.861287,,
2008-04-25,,10.505299,5.861287,,
2008-04-28,,10.514902,5.878057,,
2008-04-29,,10.447682,5.878057,,
2008-04-30,,10.409272,5.919258,,
2008-05-01,,10.601324,5.927666,,
2008-05-02,,10.620531,5.919258,,
2008-05-05,,10.553311,5.927666,,
2008-05-06,,10.64934,5.919258,,
2008-05-07,,10.428478,5.927666,,
2008-05-08,,10.447682,5.94448,,
2008-05-09,,10.390067,5.94448,,
2008-05-12,,10.505299,5.94448,,
2008-05-13,,10.495696,5.902442,,
2008-05-14,,10.553311,5.902442,,
2008-05-15,,10.678146,5.936074,,
2008-05-16,,10.678146,5.936074,,
2008-05-19,,10.678146,5.952887,,
2008-05-20,,10.562913,5.961302,,
2008-05-21,,10.370862,5.952887,,
2008-05-22,,10.399668,5.919258,,
2008-05-23,,10.25563,5.936074,,
2008-05-27,,10.33245,5.91085,,
2008-05-28,,10.361259,5.885625,,
2008-05-29,,10.418876,5.860399,,
2008-05-30,,10.43808,5.894978,,
2008-06-02,,10.33245,5.911846,,
2008-06-03,,10.274836,5.937145,,
2008-06-04,,10.265232,5.911846,,
2008-06-05,,10.486094,5.894978,,
2008-06-06,,10.140398,5.92028,,
2008-06-09,,10.092385,5.886544,,
2008-06-10,,10.044372,5.852813,,
2008-06-11,,9.833112,5.869677,,
2008-06-12,,9.871525,5.827511,,
2008-06-13,,10.03477,5.810644,,
2008-06-16,,10.101989,5.810644,,
2008-06-17,,10.015564,5.827511,,
2008-06-18,,9.919538,5.852813,,
2008-06-19,,9.957948,5.844379,,
2008-06-20,,9.765894,5.844379,,
2008-06-23,,9.727483,5.827511,,
2008-06-24,,9.689074,5.844379,,
2008-06-25,,9.775498,5.844379,,
2008-06-26,,9.468212,5.852813,,
2008-06-27,,9.439404,5.869677,,
2008-06-30,,9.391392,5.886591,,
2008-07-01,,9.439404,5.869677,,
2008-07-02,,9.247353,5.878135,,
2008-07-03,,9.218545,5.869677,,
2008-07-07,,9.074504,5.878135,,
2008-07-08,,9.276159,5.895051,,
2008-07-09,,9.036094,5.911966,,
2008-07-10,,9.074504,5.911966,,
2008-07-11,,8.959272,5.878135,,
2008-07-14,,8.824836,5.895051,,
2008-07-15,,8.690398,5.903511,,
2008-07-16,,9.01689,5.861219,,
2008-07-17,,9.256952,5.818933,,
2008-07-18,,9.295365,5.802015,,
2008-07-21,,9.295365,5.810474,,
2008-07-22,,9.487419,5.793558,,
2008-07-23,,9.545033,5.793558,,
2008-07-24,,9.19934,5.827389,,
2008-07-25,,9.208941,5.793558,,
2008-07-28,,8.978477,5.818933,,
2008-07-29,,9.276159,5.810474,,
2008-07-30,,9.400993,5.818933,,
2008-07-31,,9.285762,5.84438,,
2008-08-01,,9.266557,5.84438,,
2008-08-04,,9.17053,5.835896,,
2008-08-05,,9.458611,5.818933,,
2008-08-06,,9.477815,5.801966,,
2008-08-07,,9.285762,5.835896,,
2008-08-08,,9.545033,5.835896,,
2008-08-11,,9.669868,5.810448,,
2008-08-12,,9.468212,5.835896,,
2008-08-13,,9.400993,5.818933,,
2008-08-14,,9.497021,5.827415,,
2008-08-15,,9.545033,5.84438,,
2008-08-18,,9.35298,5.852861,,
2008-08-19,,9.208941,5.84438,,
2008-08-20,,9.247353,5.861344,,
2008-08-21,,9.256952,5.84438,,
2008-08-22,,9.381789,5.835896,,
2008-08-25,,9.180134,5.852861,,
2008-08-26,,9.19934,5.852861,,
2008-08-27,,9.304966,5.861344,,
2008-08-28,,9.497021,5.861344,,
2008-08-29,,9.410597,5.862193,,
2008-09-02,,9.410597,5.879209,,
2008-09-03,,9.400993,5.887718,,
2008-09-04,,9.084107,5.904736,,
2008-09-05,,9.160927,5.887718,,
2008-09-08,,9.381789,5.93026,,
2008-09-09,,8.968876,5.938767,,
2008-09-10,,9.036094,5.921753,,
2008-09-11,,9.132121,5.921753,,
2008-09-12,,9.160927,5.896227,,
2008-09-15,,8.651987,5.921753,,
2008-09-16,,8.882451,5.879209,,
2008-09-17,,8.411921,5.879209,,
2008-09-18,,8.882451,5.853686,,
2008-09-19,,9.343377,5.811143,,
2008-09-22,,8.844041,5.802636,,
2008-09-23,,8.690398,5.78562,,
2008-09-24,,8.642385,5.78562,,
2008-09-25,,8.815233,5.760096,,
2008-09-26,,8.853642,5.751586,,
2008-09-29,,8.037417,5.77711,,
2008-09-30,,8.469537,5.708844,,
2008-10-01,,8.498345,5.717378,,
2008-10-02,,8.123841,5.708844,,
2008-10-03,,7.931788,5.70031,,
2008-10-06,,7.605299,5.717378,,
2008-10-07,,7.134769,5.683241,,
2008-10-08,,7.038743,5.632043,,
2008-10-09,,6.462583,5.580842,,
2008-10-10,,6.472186,5.49551,,
2008-10-13,,7.153974,5.49551,,
2008-10-14,,7.201987,5.486975,,
2008-10-15,,6.539404,5.469908,,
2008-10-16,,6.789074,5.486975,,
2008-10-17,,6.712252,5.461376,,
2008-10-20,,7.019537,5.512578,,
2008-10-21,,6.808279,5.521111,,
2008-10-22,,6.385762,5.529644,,
2008-10-23,,6.404967,5.521111,,
2008-10-24,,6.203311,5.469908,,
2008-10-27,,5.98245,5.435774,,
2008-10-28,,6.577815,5.401641,,
2008-10-29,,6.549007,5.393106,,
2008-10-30,,6.741061,5.384574,,
2008-10-31,,6.913908,5.39485,,
2008-11-03,,6.8851,5.41198,,
2008-11-04,,7.163577,5.471918,,
2008-11-05,,6.798676,5.489048,,
2008-11-06,,6.433776,5.480483,,
2008-11-07,,6.606623,5.463356,,
2008-11-10,,6.472186,5.454793,,
2008-11-11,,6.337748,5.454793,,
2008-11-12,,5.972847,5.463356,,
2008-11-13,,6.424173,5.420541,,
2008-11-14,,6.12649,5.429102,,
2008-11-17,,5.972847,5.41198,,
2008-11-18,,5.992054,5.403414,,
2008-11-19,,5.569537,5.377726,,
2008-11-20,,5.147021,5.317785,,
2008-11-21,,5.4351,5.309219,,
2008-11-24,,5.857616,5.283527,,
2008-11-25,,5.963245,5.326345,,
2008-11-26,,6.23212,5.317785,,
2008-11-28,,6.289736,5.345282,,
2008-12-01,,5.646358,5.353876,,
2008-12-02,,5.905629,5.345282,,
2008-12-03,,6.12649,5.345282,,
2008-12-04,,5.953642,5.371062,,
2008-12-05,,6.184106,5.336689,,
2008-12-08,,6.424173,5.328094,,
2008-12-09,,6.241723,5.345282,,
2008-12-10,,6.318544,5.353876,,
2008-12-11,,6.08808,5.362466,,
2008-12-12,,6.155299,5.371062,,
2008-12-15,,6.040068,5.371062,,
2008-12-16,,6.395364,5.41403,,
2008-12-17,,6.337748,5.448406,,
2008-12-18,,6.184106,5.457001,,
2008-12-19,,6.181209,5.457001,,
2008-12-22,,6.065311,5.448406,,
2008-12-23,,5.997704,5.43981,,
2008-12-24,,6.036338,5.448406,,
2008-12-26,,6.07497,5.457001,,
2008-12-29,,6.045995,5.474187,,
2008-12-30,,6.200525,5.465593,,
2008-12-31,,6.316423,5.500186,,
2009-01-02,,6.480611,5.474241,,
2009-01-05,,6.441978,5.48289,,
2009-01-06,,6.528902,5.52613,,
2009-01-07,,6.306765,5.534778,,
2009-01-08,,6.345397,5.552072,,
2009-01-09,,6.200525,5.569371,,
2009-01-12,,6.007362,5.578016,,
2009-01-13,,6.036338,5.586668,,
2009-01-14,,5.823858,5.578016,,
2009-01-15,,5.814199,5.569371,,
2009-01-16,,5.86249,5.569371,,
2009-01-20,,5.476165,5.560724,,
2009-01-21,,5.746593,5.52613,,
2009-01-22,,5.650011,5.517482,,
2009-01-23,,5.698303,5.508833,,
2009-01-26,,5.727276,5.517482,,
2009-01-27,,5.785225,5.534778,,
2009-01-28,,6.026679,5.52613,,
2009-01-29,,5.765909,5.508833,,
2009-01-30,,5.640354,5.527925,,
2009-02-02,,5.640354,5.545281,,
2009-02-03,,5.70796,5.527925,,
2009-02-04,,5.678986,5.527925,,
2009-02-05,,5.775567,5.527925,,
2009-02-06,,5.978388,5.527925,,
2009-02-09,,5.978388,5.536604,,
2009-02-10,,5.640354,5.571316,,
2009-02-11,,5.70796,5.579994,,
2009-02-12,,5.727276,5.579994,,
2009-02-13,,5.65967,5.553958,,
2009-02-17,,5.369926,5.571316,,
2009-02-18,,5.350609,5.553958,,
2009-02-19,,5.263686,5.527925,,
2009-02-20,,5.196079,5.527925,,
2009-02-23,,5.041549,5.527925,,
2009-02-24,,5.283002,5.51057,,
2009-02-25,,5.234712,5.484536,,
2009-02-26,,5.176763,5.484536,,
2009-02-27,,5.012574,5.494112,,
2009-03-02,,4.751804,5.502819,,
2009-03-03,,4.713172,5.494112,,
2009-03-04,,4.809754,5.485406,,
2009-03-05,,4.587615,5.494112,,
2009-03-06,,4.577958,5.4767,,
2009-03-09,,4.539325,5.459285,,
2009-03-10,,4.858045,5.441871,,
2009-03-11,,4.867702,5.450578,,
2009-03-12,,5.118814,5.459285,,
2009-03-13,,5.167105,5.459285,,
2009-03-16,,5.118814,5.450578,,
2009-03-17,,5.302318,5.441871,,
2009-03-18,,5.485823,5.511528,,
2009-03-19,,5.360268,5.511528,,
2009-03-20,,5.205736,5.494112,,
2009-03-23,,5.640354,5.502819,,
2009-03-24,,5.50514,5.511528,,
2009-03-25,,5.601721,5.511528,,
2009-03-26,,5.727276,5.537648,,
2009-03-27,,5.61138,5.537648,,
2009-03-30,,5.369926,5.537648,,
2009-03-31,,5.44719,5.565607,,
2009-04-01,,5.563088,5.574343,,
2009-04-02,,5.736935,5.565607,,
2009-04-03,,5.814199,5.539395,,
2009-04-06,,5.746593,5.548132,,
2009-04-07,,5.592062,5.548132,,
2009-04-08,,5.640354,5.565607,,
2009-04-09,,5.939756,5.55687,,
2009-04-13,,5.997704,5.574343,,
2009-04-14,,5.823858,5.591819,,
2009-04-15,,5.939756,5.600555,,
2009-04-16,,6.045995,5.600555,,
2009-04-17,,6.103944,5.591819,,
2009-04-20,,5.727276,5.609292,,
2009-04-21,,5.920439,5.600555,,
2009-04-22,,5.881807,5.600555,,
2009-04-23,,5.959071,5.61803,,
2009-04-24,,6.103944,5.61803,,
2009-04-27,,6.026679,5.635505,,
2009-04-28,,6.017021,5.635505,,
2009-04-29,,6.171551,5.635505,,
2009-04-30,,6.152234,5.670562,,
2009-05-01,,6.181209,5.661797,,
2009-05-04,,6.480611,5.670562,,
2009-05-05,,6.422664,5.688089,,
2009-05-06,,6.53856,5.705618,,
2009-05-07,,6.355055,5.696856,,
2009-05-08,,6.596509,5.714382,,
2009-05-11,,6.403346,5.723147,,
2009-05-12,,6.374372,5.740677,,
2009-05-13,,6.142577,5.749439,,
2009-05-14,,6.268132,5.740677,,
2009-05-15,,6.171551,5.740677,,
2009-05-18,,6.43232,5.740677,,
2009-05-19,,6.413004,5.749439,,
2009-05-20,,6.364714,5.793261,,
2009-05-21,,6.258474,5.775734,,
2009-05-22,,6.239157,5.758204,,
2009-05-26,,6.441978,5.740677,,
2009-05-27,,6.306765,5.705618,,
2009-05-28,,6.403346,5.714382,,
2009-05-29,,6.519243,5.802297,,
2009-06-01,,6.673774,5.76713,,
2009-06-02,,6.664115,5.802297,,
2009-06-03,,6.499928,5.81988,,
2009-06-04,,6.625483,5.793506,,
2009-06-05,,6.586851,5.758342,,
2009-06-08,,6.577193,5.740758,,
2009-06-09,,6.654458,5.758342,,
2009-06-10,,6.625483,5.749549,,
2009-06-11,,6.673774,5.775924,,
2009-06-12,,6.664115,5.793506,,
2009-06-15,,6.480611,5.811089,,
2009-06-16,,6.38403,5.81988,,
2009-06-17,,6.335739,5.82867,,
2009-06-18,,6.38403,5.793506,,
2009-06-19,,6.422664,5.811089,,
2009-06-22,,6.152234,5.81988,,
2009-06-23,,6.190867,5.82867,,
2009-06-24,,6.258474,5.81988,,
2009-06-25,,6.413004,5.855045,,
2009-06-26,,6.413004,5.855045,,
2009-06-29,,6.480611,5.855045,,
2009-06-30,,6.43232,5.870913,,
2009-07-01,,6.461295,5.870913,,
2009-07-02,,6.239157,5.888542,,
2009-07-06,,6.210183,5.888542,,
2009-07-07,,6.084628,5.897359,,
2009-07-08,,6.045995,5.923803,,
2009-07-09,,6.113602,5.906172,,
2009-07-10,,6.084628,5.941435,,
2009-07-13,,6.268132,5.93262,,
2009-07-14,,6.316423,5.923803,,
2009-07-15,,6.548219,5.897359,,
2009-07-16,,6.615825,5.914988,,
2009-07-17,,6.625483,5.914988,,
2009-07-20,,6.722064,5.93262,,
2009-07-21,,6.741381,5.959066,,
2009-07-22,,6.770355,5.950247,,
2009-07-23,,6.973176,5.923803,,
2009-07-24,,7.011809,5.93262,,
2009-07-27,,7.050441,5.93262,,
2009-07-28,,7.031126,5.941435,,
2009-07-29,,6.963518,5.950247,,
2009-07-30,,7.069758,5.96788,,
2009-07-31,,7.118049,6.018252,,
2009-08-03,,7.282237,6.000579,,
2009-08-04,,7.320869,6.000579,,
2009-08-05,,7.340185,5.99174,,
2009-08-06,,7.272579,6.009414,,
2009-08-07,,7.407793,5.99174,,
2009-08-10,,7.359502,6.018252,,
2009-08-11,,7.243604,6.02709,,
2009-08-12,,7.359502,6.02709,,
2009-08-13,,7.436767,6.053601,,
2009-08-14,,7.349844,6.053601,,
2009-08-17,,7.118049,6.071278,,
2009-08-18,,7.224288,6.053601,,
2009-08-19,,7.262921,6.062441,,
2009-08-20,,7.359502,6.071278,,
2009-08-21,,7.52369,6.044763,,
2009-08-24,,7.504374,6.071278,,
2009-08-25,,7.543007,6.080112,,
2009-08-26,,7.543007,6.080112,,
2009-08-27,,7.562323,6.080112,,
2009-08-28,,7.571981,6.088951,,
2009-08-31,,7.485058,6.114649,,
2009-09-01,,7.282237,6.123515,,
2009-09-02,,7.224288,6.141237,,
2009-09-03,,7.320869,6.132374,,
2009-09-04,,7.427109,6.123515,,
2009-09-08,,7.514032,6.123515,,
2009-09-09,,7.610613,6.123515,,
2009-09-10,,7.716853,6.150098,,
2009-09-11,,7.687879,6.15896,,
2009-09-14,,7.755486,6.150098,,
2009-09-15,,7.813436,6.150098,,
2009-09-16,,7.967964,6.15896,,
2009-09-17,,7.881041,6.176682,,
2009-09-18,,7.881041,6.15896,,
2009-09-21,,7.842408,6.15896,,
2009-09-22,,7.929331,6.176682,,
2009-09-23,,7.794118,6.194408,,
2009-09-24,,7.658905,6.194408,,
2009-09-25,,7.571981,6.203271,,
2009-09-28,,7.73617,6.21213,,
2009-09-29,,7.73617,6.21213,,
2009-09-30,,7.67822,6.227233,,
2009-10-01,,7.398134,6.244999,,
2009-10-02,,7.330527,6.236116,,
2009-10-05,,7.504374,6.244999,,
2009-10-06,,7.62993,6.244999,,
2009-10-07,,7.649247,6.27165,,
2009-10-08,,7.755486,6.253883,,
2009-10-09,,7.813436,6.227233,,
2009-10-12,,7.842408,6.227233,,
2009-10-13,,7.813436,6.244999,,
2009-10-14,,7.99694,6.236116,,
2009-10-15,,8.025913,6.227233,,
2009-10-16,,7.919674,6.236116,,
2009-10-19,,7.98728,6.244999,,
2009-10-20,,7.929331,6.262767,,
2009-10-21,,7.83275,6.253883,,
2009-10-22,,7.958305,6.253883,,
2009-10-23,,7.803777,6.236116,,
2009-10-26,,7.658905,6.227233,,
2009-10-27,,7.610613,6.253883,,
2009-10-28,,7.340185,6.262767,,
2009-10-29,,7.562323,6.244999,,
2009-10-30,,7.291895,6.286852,,
2009-11-02,,7.311211,6.286852,,
2009-11-03,,7.407793,6.269043,,
2009-11-04,,7.388476,6.269043,,
2009-11-05,,7.571981,6.269043,,
2009-11-06,,7.571981,6.277948,,
2009-11-09,,7.774802,6.286852,,
2009-11-10,,7.755486,6.286852,,
2009-11-11,,7.842408,6.286852,,
2009-11-12,,7.697537,6.304661,,
2009-11-13,,7.745828,6.304661,,
2009-11-16,,7.881041,6.331374,,
2009-11-17,,7.881041,6.331374,,
2009-11-18,,7.881041,6.32247,,
2009-11-19,,7.726511,6.331374,,
2009-11-20,,7.658905,6.331374,,
2009-11-23,,7.755486,6.331374,,
2009-11-24,,7.726511,6.340283,,
2009-11-25,,7.774802,6.349186,,
2009-11-27,,7.600956,6.358091,,
2009-11-30,,7.639588,6.371477,,
2009-12-01,,7.774802,6.362553,,
2009-12-02,,7.794118,6.353628,,
2009-12-03,,7.697537,6.344708,,
2009-12-04,,7.774802,6.326859,,
2009-12-07,,7.745828,6.335782,,
2009-12-08,,7.658905,6.353628,,
2009-12-09,,7.697537,6.344708,,
2009-12-10,,7.73617,6.335782,,
2009-12-11,,7.765143,6.335782,,
2009-12-14,,7.871384,6.335782,,
2009-12-15,,7.823092,6.326859,,
2009-12-16,,7.871384,6.326859,,
2009-12-17,,7.784461,6.344708,,
2009-12-18,,7.844355,6.335782,,
2009-12-21,,7.950622,6.309011,,
2009-12-22,,8.008584,6.300087,,
2009-12-23,,8.056887,6.300087,,
2009-12-24,,8.10519,6.28224,,
2009-12-28,,8.066546,6.273318,,
2009-12-29,,8.047227,6.28224,,
2009-12-30,,8.047227,6.291163,,
2009-12-31,,7.96028,6.307291,,
2010-01-04,,8.143832,6.316249,,
2010-01-05,,8.221116,6.352087,,
2010-01-06,,8.240438,6.343127,,
2010-01-07,,8.327383,6.352087,,
2010-01-08,,8.356363,6.352087,,
2010-01-11,,8.356363,6.361046,,
2010-01-12,,8.221116,6.378964,,
2010-01-13,,8.308062,6.370006,,
2010-01-14,,8.327383,6.378964,,
2010-01-15,,8.201796,6.396884,,
2010-01-19,,8.308062,6.387924,,
2010-01-20,,8.221116,6.396884,,
2010-01-21,,8.037565,6.405843,,
2010-01-22,,7.815373,6.405843,,
2010-01-25,,7.873337,6.396884,,
2010-01-26,,7.825035,6.396884,,
2010-01-27,,7.873337,6.387924,,
